IDCust,Name,Surname,Adress,City,Phone,Budget,Office
1,Enos,Gozney,25791 Thierer Lane,Babirik,62-(477)447-6111,51059.72,potenti
2,Saundra,Gale,47 Dunning Crossing,Jiaowei,86-(911)905-6149,72669.0,cras
3,Grethel,Labbett,8844 Mitchell Drive,Beregovoy,7-(813)507-8524,12551.79,nunc
4,Jedidiah,Gayther,5 Arrowood Center,Young,598-(762)860-2698,68349.68,vestibulum
5,Eleonora,McKimmie,0 Roxbury Junction,Barroso,55-(410)522-9669,56635.63,ut
6,Pearce,Kybird,1955 Talmadge Plaza,Barranqueras,54-(975)404-2824,77835.4,aliquam
7,Daisy,Hylden,8318 Paget Parkway,Bazar-Korgon,996-(578)844-2440,68078.71,vel
8,Charmian,Brixey,697 Arapahoe Junction,Pedro García,1-(570)523-8177,28787.29,metus
9,Vick,Christofle,8 Hoffman Alley,Severo-Zadonsk,7-(480)474-2251,78195.65,non
10,Casey,Norvell,75303 Hanover Avenue,Dolavón,54-(639)916-9425,38535.05,justo
11,Reagan,Cockshot,20 Dawn Circle,Zhu’ao,86-(259)334-3463,96404.39,luctus
12,Mora,Aylen,1817 Northridge Point,Cipesing,62-(924)285-6329,56914.51,tempus
13,Sherrie,Robiot,52054 Old Shore Drive,Oyo,234-(868)307-1507,65207.73,eget
14,Eloise,Southworth,45238 Hayes Pass,Puksoozero,7-(131)621-3942,67577.82,posuere
15,Marcia,Stride,506 Shelley Lane,Berkovitsa,359-(479)702-9783,67478.3,in
16,Hedi,Josephsen,9 Badeau Lane,Sennoy,7-(863)245-5420,13550.73,dolor
17,Talbert,Grieve,83 Nancy Trail,Batuan,86-(868)797-5781,20884.49,morbi
18,Joey,Merkel,82 Ludington Point,Humaitá,55-(715)241-6910,85960.18,orci
19,Larina,Duigan,9861 Glendale Trail,Tipaz,63-(978)686-7036,11365.27,eget
20,Kathlin,Skellern,267 Rigney Crossing,Luleå,46-(329)938-9973,60635.74,vitae
21,Vanya,Gillman,1 La Follette Place,Barru,62-(764)817-2613,68983.3,congue
22,Tiffanie,Di Francecshi,7 Haas Terrace,Kabare,242-(436)851-4650,83903.88,odio
23,Brandyn,Fawley,97749 Melvin Junction,Shizong,86-(465)612-6891,91256.22,sed
24,Mildrid,Woloschin,369 Tennessee Alley,Niquelândia,55-(857)206-9221,77861.04,tincidunt
25,Hestia,Perillo,6342 Dahle Drive,Liuzuo,86-(918)983-6925,14452.04,posuere
26,Kenny,Moffatt,2048 Drewry Terrace,Gangkou,86-(898)336-4945,49523.71,nisi
27,Kordula,Galsworthy,7 Blaine Court,Haridimun,62-(804)152-1829,72859.41,scelerisque
28,Fayina,Whear,114 South Junction,Guimba,63-(279)553-3597,83604.62,ligula
29,Chase,Moore,57 Corscot Drive,Chadan,7-(850)135-6620,36118.45,venenatis
30,Niki,Dronsfield,01 Monterey Circle,Novotitarovskaya,7-(846)351-4226,2310.37,posuere
31,Clemmie,Henderson,4 Havey Alley,Kagadi,256-(282)663-9847,4606.85,nam
32,Allie,Seear,70 Porter Circle,Babatngon,63-(899)606-0989,90123.66,nulla
33,Charissa,Tomlins,836 Wayridge Junction,Chantilly,33-(810)909-0715,53974.38,ultrices
34,Ruthann,Owen,756 Saint Paul Hill,Dadong’ao,86-(139)622-4712,99891.23,quis
35,Sherry,Jossel,82 Stoughton Road,Bulualto,63-(893)237-8641,35144.3,posuere
36,Wang,Van Hesteren,609 Hoard Road,Naifalo,62-(117)140-9961,34319.48,sed
37,Nerita,Oxe,17 Bellgrove Drive,Luga,7-(857)667-0725,44837.54,luctus
38,Vlad,Sayward,951 Alpine Alley,Dubinino,7-(894)374-5868,14110.84,dolor
39,Natale,Duffie,6 Sunbrook Pass,Santa Ana,502-(808)100-2243,45254.52,porta
40,Giraldo,Skitch,0 La Follette Avenue,Sabi,220-(374)928-9264,92540.22,gravida
41,Woodman,Girkins,4 Glendale Crossing,Roudnice nad Labem,420-(175)119-9073,40136.54,ridiculus
42,Roger,Whitmore,3223 Maple Alley,Nong Yai,66-(211)124-2542,92564.75,cubilia
43,Hew,Gare,407 Almo Drive,Machinda,240-(951)868-7662,71997.8,eleifend
44,Caprice,Fox,038 Brown Lane,Mayapusi,63-(509)593-5304,3602.07,orci
45,Man,Rubke,9256 Maywood Road,Guyancourt,33-(651)244-3475,18726.12,id
46,Lyle,Spirritt,8375 Towne Alley,Sneek,31-(815)914-8446,43424.32,maecenas
47,Dottie,Kleinfeld,3603 Merry Trail,Andir,62-(555)755-0609,15289.63,vestibulum
48,Dante,Finnimore,6 Summerview Junction,Morangis,33-(284)873-7120,17150.84,lorem
49,Kippar,Tillerton,027 Johnson Parkway,Leipsoí,30-(257)742-0091,47509.84,nisl
50,Ailis,Addie,2 Hintze Drive,Próti,30-(207)895-4554,74668.7,mi
51,Schuyler,Jahn,125 Farmco Place,Bom Jesus da Lapa,55-(420)431-8965,53430.0,non
52,Sigvard,Bremeyer,79051 Oneill Junction,Skrzyszów,48-(612)131-8324,7012.51,magnis
53,Derry,Kattenhorn,399 Wayridge Terrace,Frederiksberg,45-(985)173-2443,25467.74,suspendisse
54,Bernadene,De Ferraris,51 Hooker Terrace,Areia Branca,55-(557)606-2888,17712.7,dapibus
55,Rubetta,Goodbanne,3290 Waywood Junction,Rosaspata,51-(528)333-1005,97097.67,justo
56,Alphonso,Nance,8281 Grover Terrace,Pingyi,86-(754)560-7555,11641.56,in
57,Artemis,Winslow,38049 Autumn Leaf Center,Claver,63-(602)201-5883,89547.01,cubilia
58,Maryjane,Dotterill,1 Grim Court,Fenghuanglu,86-(222)400-8790,60329.54,morbi
59,Christos,Dacombe,41641 Division Terrace,Jabłonowo Pomorskie,48-(376)797-7148,54866.2,nunc
60,Tabitha,Oels,6 Green Ridge Point,Bodeh,62-(613)719-4745,57254.07,consectetuer
61,Marcie,Kiera,802 Hoffman Pass,Changyŏn,850-(992)586-6971,94990.33,porta
62,Kaela,Iddy,3118 Cardinal Street,Eksjö,46-(952)614-3092,54439.59,sit
63,Armando,Lightwood,89951 6th Junction,Ouani,269-(281)421-5104,44746.3,elementum
64,Tad,Winsborrow,5 Anniversary Point,Kalloní,30-(639)265-0723,28298.41,lorem
65,Smitty,Paumier,2113 Killdeer Court,Bayan Hure,86-(264)751-7705,58680.45,aenean
66,Friedrick,Kobierski,94 Prairie Rose Terrace,Leone,1-(843)135-8460,92675.03,erat
67,Montague,Shorie,58 Lyons Place,Stockholm,46-(756)365-3245,17208.21,vehicula
68,Sherwynd,Pauwel,249 Becker Lane,Calamba,63-(610)119-0473,68628.49,sit
69,Worden,Veltman,9 Mandrake Pass,Henggang,86-(204)911-0322,40087.6,molestie
70,Isabelle,Syres,7877 Dunning Center,Orda,7-(744)391-2471,29904.05,fermentum
71,Calla,Manntschke,9 Chive Hill,Zhu’ao,86-(905)838-8841,13712.47,ligula
72,Ken,Jacobovitz,8925 Cottonwood Plaza,Wensu,86-(863)147-5950,65169.11,mattis
73,Lorain,Swaysland,7 Harper Point,Rogoza,386-(510)183-9666,47230.12,in
74,Friedrich,Guilder,213 Dakota Plaza,Xilong,86-(464)692-0671,99893.58,sed
75,Ibby,Charrisson,9 Gulseth Point,Hongshi,86-(409)767-7810,1713.5,leo
76,Adora,Larrett,06624 Clemons Lane,Haparanda,46-(609)232-8884,6289.66,sapien
77,Abigale,Markova,6446 Miller Lane,Ciklapa,62-(638)241-8370,31977.95,augue
78,Ranique,Jewis,052 Stoughton Circle,Junxi,86-(768)839-4707,13867.15,mattis
79,Robby,Botly,693 North Pass,Wushi,86-(160)332-4311,66503.76,donec
80,Bartolemo,Fergie,24845 Cody Drive,Tasikmalaya,62-(809)293-7011,88241.22,adipiscing
81,Frances,Skyner,62 Holy Cross Terrace,Sukasetia,62-(219)254-4548,93589.08,duis
82,Ray,Hinkley,70 Badeau Point,Ikot-Ekpene,234-(306)722-1904,18972.8,sociis
83,Justis,Gascone,67 Dixon Road,San Miguel,51-(918)343-0521,78912.84,justo
84,Leopold,Mullineux,6 Heffernan Trail,El Espino,507-(312)496-2565,65586.01,non
85,Cesaro,Geering,70 Meadow Vale Place,Las Matas de Farfán,1-(138)428-2526,62439.35,morbi
86,Sophi,Wren,0 Hanover Point,Cipeundeuy,62-(456)823-9386,82049.79,in
87,Dino,Monkman,9056 Jackson Center,Sawankhalok,66-(598)212-2531,76406.2,sed
88,Gregg,Llewellin,793 Schurz Plaza,Aija,51-(746)717-9888,96339.16,libero
89,Audra,Janecki,43666 Lillian Park,Jetis,62-(224)157-2655,24174.6,nulla
90,Kathleen,Eyer,4453 Autumn Leaf Circle,Palama,62-(413)983-4516,47564.46,duis
91,Rodolphe,O'Shaughnessy,57218 Muir Circle,Benito Juarez,52-(567)877-6583,24762.1,ultrices
92,Cece,Micah,19 Sunfield Court,Piribebuy,595-(388)171-3733,18682.18,tempor
93,Lou,Jaggers,21 Porter Park,Greensboro,1-(910)141-0976,96099.8,id
94,Verge,Wallbutton,083 Homewood Drive,Zaliztsi,380-(306)360-9095,70867.73,id
95,Lamond,Ziemecki,958 Dovetail Junction,Cruces de Anorí,57-(851)720-0286,89093.62,volutpat
96,Thoma,Golborne,83295 Kropf Road,Huari,51-(342)439-1405,77886.26,sem
97,Meaghan,McSparran,19 Dahle Pass,Wujiayao,86-(405)802-1752,40409.76,velit
98,Arabelle,Earley,8490 Westport Plaza,Jishan,86-(211)877-0158,21103.78,rutrum
99,Jilly,Van der Linde,3896 Bashford Park,Ila Orangun,234-(157)951-2907,51577.17,semper
100,Lexi,Kilgallon,54180 Redwing Court,Dizhai,86-(862)780-7494,66163.11,amet
101,Sancho,Cogdell,91 Waxwing Lane,Kebon,62-(109)360-8515,49067.16,sagittis
102,Theodora,Sillett,10 Maple Circle,Stara Kiszewa,48-(211)960-9605,30859.64,nec
103,Wilone,Trethewey,594 Golden Leaf Park,Midrand,27-(448)974-5519,3330.62,ipsum
104,Nelia,Davidovic,627 Vermont Circle,Ždánice,420-(878)658-4828,65862.92,libero
105,Rickard,Tran,629 Ruskin Point,Ludvika,46-(847)993-8308,40531.2,donec
106,Giacomo,Burdas,352 Westport Circle,Denton,44-(217)783-7396,53722.97,pellentesque
107,Gar,Laverenz,8470 Butterfield Avenue,Wohyń,48-(925)386-3529,40523.56,vel
108,Kaitlyn,McAlarney,34 Bunting Parkway,Koygorodok,7-(410)536-1979,88500.93,integer
109,Kylila,Bramont,98 Esch Crossing,Banjar Kampungbugis,62-(563)436-2185,2969.47,tempor
110,Fidel,Brignell,5 Clove Parkway,Xuyong,86-(623)842-8978,81899.04,pulvinar
111,Anallese,Cuming,82865 5th Way,Derzhavīnsk,7-(267)939-6025,4918.99,ridiculus
112,Gayle,Gartin,977 Buell Court,Ribeiro,351-(650)321-7963,79287.13,eget
113,Gus,Carles,270 Main Trail,Trà Ôn,84-(885)890-3998,11790.29,consequat
114,Libbi,Rider,31982 Debs Junction,Remedios,57-(822)820-9616,23172.62,augue
115,Allin,Dunmore,04508 Old Shore Hill,New York City,1-(646)510-8838,12503.92,mauris
116,Bobinette,Dunrige,536 Paget Road,Yulin,86-(253)631-2751,58463.57,maecenas
117,Adriano,Killough,4 Dottie Plaza,Chimichagua,57-(201)921-6649,32143.27,tincidunt
118,Blakeley,Daud,5 Mariners Cove Terrace,Amvrosiyivka,380-(149)216-8546,81433.0,purus
119,Nikolaos,Futter,37 Union Trail,Aqtaū,7-(902)195-2647,90464.95,viverra
120,Jo-ann,Strahan,76 Dixon Drive,Xinglongjie,86-(309)249-5120,81326.77,non
121,Morry,Turner,22 Ryan Junction,Kuantan,60-(217)350-8691,55100.64,eget
122,Wanids,Yallowley,02982 Carey Trail,Koubia,224-(105)345-3496,18192.53,lectus
123,Brigitta,Lerven,4381 Troy Pass,Palhais,351-(903)619-7902,87397.22,posuere
124,Eleonora,Ruzicka,00 Mosinee Terrace,Boromlya,380-(659)261-0320,75643.32,luctus
125,Felipa,Livezey,01213 Division Way,Kinna,46-(986)412-8899,90329.11,velit
126,Morie,Dobing,06720 Melby Lane,Naperville,1-(630)362-1814,62097.0,quis
127,Garrick,Pierrepont,21 Pepper Wood Road,Châteauroux,33-(474)643-6960,41779.76,morbi
128,Axel,Durtnell,85213 Browning Circle,Ellinikó,30-(327)871-1624,27653.18,id
129,Armstrong,Jansens,47 Havey Terrace,Tecka,54-(800)327-4673,61733.62,vehicula
130,Reid,Darrigoe,029 Bultman Court,Pulangbato,63-(912)993-8330,58966.37,consectetuer
131,Dorey,Ahrenius,065 Anthes Drive,San Alejandro,63-(958)303-3472,26511.09,donec
132,Aldwin,Rohan,1302 Anzinger Park,Tugela Ferry,27-(260)905-4151,91734.63,vitae
133,Dennie,Dundin,73 Morningstar Lane,Santarém,351-(724)482-6548,61400.68,nulla
134,Hilary,Larway,9625 Beilfuss Pass,Bangunsari,62-(575)263-9095,41562.92,viverra
135,Delmor,Dismore,3 Ridgeview Junction,Klenovyy,380-(650)471-4773,67556.39,vestibulum
136,Sullivan,Verson,4 Fairfield Drive,Ciengang,62-(590)361-4426,95019.39,in
137,Mychal,Mathiot,43 Beilfuss Alley,Nandu,86-(362)517-5609,87722.6,etiam
138,Ev,Kienl,573 Dayton Court,Licheng,86-(991)820-2158,462.34,consectetuer
139,Anna-diane,Archibould,7 Everett Alley,Tyresö,46-(758)974-5477,53925.46,pede
140,Jermayne,Southward,8706 Mccormick Alley,Itaporanga,55-(724)590-4576,18961.05,leo
141,Ruperta,Bever,2783 Valley Edge Plaza,Biały Bór,48-(673)282-7036,27526.17,parturient
142,Nikoletta,Jansey,65459 Towne Center,Göteborg,46-(793)898-8819,34222.83,proin
143,Kym,Pellew,57 Kings Circle,At Tall al Kabīr,20-(326)373-6410,10093.67,varius
144,Montgomery,Crowdson,3 Packers Crossing,Pefkochóri,30-(158)296-9608,31621.6,lobortis
145,Farra,Blasetti,5506 Hoard Junction,Meiyao,86-(721)440-8522,6889.87,sapien
146,Georgeta,Najera,28458 Haas Place,Lālmohan,880-(371)397-9520,78365.23,volutpat
147,Hildegaard,Jephson,573 Service Center,Biltine,235-(718)442-2375,71208.32,sit
148,Verina,Spaldin,7 Browning Center,Taliouine,212-(945)690-3881,98506.39,pretium
149,Efrem,Melladew,354 Clarendon Trail,Fakaifou Village,688-(930)520-3907,86331.5,congue
150,Ailee,Blakden,7 Maywood Circle,Dashiqiao,86-(510)155-5064,89623.91,congue
151,Bliss,Midlar,51708 Manitowish Circle,Infanta,63-(803)607-1965,8141.53,justo
152,Kessiah,Feehily,1 Thackeray Park,Karangintan,62-(109)545-3459,37755.91,sagittis
153,Essie,McGall,58 Magdeline Alley,Bershet’,7-(537)403-8436,75063.87,sed
154,Bernie,Maultby,3645 Moulton Street,Sindangraja,62-(504)735-4182,41493.35,nisl
155,Giavani,Limpertz,9 Granby Point,Czerwionka-Leszczyny,48-(259)529-8240,62453.71,amet
156,Michaelina,Hewertson,193 Cherokee Circle,Huichang,86-(599)969-6538,15451.29,justo
157,Heidie,Simo,35 Messerschmidt Hill,Joliette,1-(402)444-6116,87141.23,viverra
158,Bettye,Meneer,953 Northview Trail,Sakata,81-(623)863-7162,73914.07,nulla
159,Ulrikaumeko,Scaife,9 Moulton Lane,Furukawa,81-(599)591-0705,2467.07,lobortis
160,Marc,Norheny,59 Mifflin Place,Emiliano Zapata,52-(684)562-7920,91261.06,curae
161,Kenton,Folley,80011 Kensington Junction,Pawłowiczki,48-(136)435-1554,20106.56,montes
162,Tillie,Tarbox,01 Kenwood Junction,Hakha,95-(497)788-7245,80738.39,volutpat
163,Laetitia,Newey,46 Spohn Court,Mloko,62-(404)902-5722,92116.2,justo
164,Kacie,Goncalo,64213 Rigney Avenue,Gaoguan,86-(437)281-0870,86531.14,nunc
165,Melody,Cianni,055 Sachs Junction,Huntington,1-(304)587-1275,71648.09,in
166,Waylen,Goldup,97 Independence Street,Castro,55-(248)868-0519,63302.7,rhoncus
167,Penny,Keenlayside,0 Crest Line Crossing,Saint-Avold,33-(112)641-1583,93740.38,augue
168,Jehu,Gorges,78099 Holmberg Road,Dashi,86-(968)118-8599,84525.99,vulputate
169,Goober,Bumpas,15815 Bayside Plaza,Dongfu,86-(661)730-4023,49427.98,purus
170,Kaiser,Penhall,16 Comanche Street,Los Angeles,1-(323)970-5946,18653.15,amet
171,Esma,Eastment,8 Corry Junction,Beaumont,1-(409)335-9045,39653.21,molestie
172,Nicola,Hourahan,77 Steensland Pass,Sidi Lamine,212-(272)327-9695,35495.06,cras
173,Goraud,Cottee,52968 Browning Street,Konispol,355-(402)273-8642,19190.68,magna
174,Sara-ann,Piercy,42079 Paget Trail,Trnava,420-(643)473-7689,49015.76,in
175,Elonore,Finci,410 Spohn Drive,Sitabamba,51-(374)869-9563,43231.83,sit
176,Dyane,Cansfield,334 Grayhawk Junction,Quime,591-(362)544-2579,53587.51,pellentesque
177,Myrwyn,Chrippes,19899 Forest Point,Cap-Santé,1-(719)743-2792,1725.35,orci
178,York,Speaks,856 Surrey Hill,Krajan Puger Wetan,62-(344)509-8477,7904.91,platea
179,Lainey,Wadmore,77042 Little Fleur Hill,Wakapuken,62-(319)783-2049,36848.94,mauris
180,Sheffie,Foxcroft,6617 Quincy Street,Kameda-honchō,81-(756)349-5705,77473.6,in
181,Teador,Fawdrie,00 Fisk Circle,Āl Ma‘ūdah,967-(762)151-8819,94974.41,amet
182,Aurilia,Abys,3572 Valley Edge Drive,San José de Miranda,57-(528)912-7315,72116.55,pretium
183,Alfonse,Bergstram,85 Schiller Crossing,Labuan,63-(529)933-7098,60388.52,velit
184,Christin,Plampin,5276 Delladonna Lane,Xiadian,86-(524)701-9368,1193.88,cras
185,Kirbie,Godridge,5846 Goodland Lane,Vale Flores,351-(390)117-1567,30922.99,eget
186,Nichole,Moodie,831 Beilfuss Park,Yaodu,86-(601)200-7601,9298.86,pretium
187,Micheil,Sharvill,4840 Vahlen Hill,Tarko-Sale,7-(996)647-2777,7094.63,suspendisse
188,Kathe,Kruschev,7 Talmadge Park,Cergy-Pontoise,33-(593)904-3905,55293.16,et
189,Starlene,Dunseith,1935 Hauk Park,Dokuchayevs’k,380-(773)972-7992,63435.36,cubilia
190,Gerri,Smoth,8826 Drewry Park,Añelo,54-(555)778-8946,54073.13,dapibus
191,Yancey,Swinburn,1 Mandrake Avenue,Chenfangji,86-(747)225-0254,45777.04,libero
192,Judah,Samweyes,3132 Larry Alley,Tucheng,86-(400)608-7657,69313.71,pretium
193,Nevins,Clampe,24 Continental Trail,Srunikrajan,62-(316)304-4144,28000.07,ac
194,Elvera,Deppe,0 Annamark Court,Dalupaon,63-(233)749-8790,27420.51,tincidunt
195,Ira,Phizaclea,8 Manufacturers Place,Rzewnie,48-(733)462-5584,7452.91,augue
196,Sayres,Maus,6 5th Lane,Las Palmas,51-(676)782-7785,24473.09,donec
197,Trix,Manthroppe,193 Lien Parkway,Fenjie,86-(860)151-6806,53592.13,aenean
198,Roderich,Smorthit,2 Atwood Road,Bang Phlat,66-(216)112-9357,59464.87,natoque
199,Ursula,Boick,75038 Artisan Way,Grigiškės,370-(107)456-0382,4273.75,at
200,Sarene,Emerine,445 Ludington Road,Köneürgench,993-(706)847-0777,22441.54,amet
201,Hamid,Payn,2701 Petterle Plaza,Osiek,48-(174)257-4205,62659.63,morbi
202,Jenica,Buxton,28629 Southridge Drive,Jin’e,86-(459)681-3284,81030.38,nibh
203,Morse,Theriot,005 Kropf Circle,Duifang,86-(301)986-5136,42051.44,tortor
204,Patrica,Bubeer,315 Sutteridge Trail,Passos,55-(590)193-9611,13801.71,in
205,Ansell,Mosey,5 Mallard Place,Hanna,1-(558)406-6942,51373.22,mauris
206,Kamila,Kinsey,1 Lerdahl Park,Hukeng,86-(703)163-3478,63913.9,in
207,Issi,Hedgeman,1321 School Crossing,Zhili,86-(353)720-2012,85952.52,convallis
208,Herschel,Trammel,38550 Londonderry Place,Lueng Putu,62-(702)216-8260,31306.14,habitasse
209,Stefan,Stennet,92371 Northport Park,Hitiaa,689-(336)228-4715,57821.31,vestibulum
210,Giordano,Stronge,248 Dennis Alley,Simuay,63-(347)311-2138,96155.12,rhoncus
211,Trever,Jamieson,24525 Boyd Park,Watublapi,62-(690)454-7159,60311.97,et
212,Dalli,Bockings,7 Dawn Street,Ambatondrazaka,261-(886)248-9048,74888.07,integer
213,Liane,Curtis,94738 Golf Avenue,Buriram,66-(338)305-6795,87245.86,cum
214,Conny,Luca,1453 Kim Pass,Abraham’s Bay,1-(847)464-9916,28124.9,quam
215,Bonnie,Gearing,6265 Green Center,Batan,86-(892)530-7227,35266.75,convallis
216,Vinnie,Philpault,6652 West Avenue,Columbus,1-(706)712-9812,51700.0,nibh
217,Alecia,Denyukin,09557 Pearson Circle,Albuquerque,1-(505)391-5810,86148.39,donec
218,Conni,Lamberti,16 Kings Court,Sovetskaya Gavan’,7-(328)395-8236,75654.34,in
219,Dom,Gary,18 Grover Trail,Wolanów,48-(647)320-4935,90669.7,blandit
220,Evangeline,Jickells,92 Hauk Street,Manticao,63-(714)809-4401,18115.52,nunc
221,Lanna,Maughan,7259 Mendota Place,Chābahār,98-(999)639-1444,24292.87,arcu
222,Paquito,Grassick,3 Kinsman Crossing,Dabachang,86-(284)900-9059,47356.1,tellus
223,Orbadiah,Wilbraham,645 Marquette Parkway,Jandira,55-(680)309-9735,20430.19,tincidunt
224,Flossi,Paraman,575 Butternut Terrace,Borzoy,7-(328)215-6854,93554.75,at
225,Phylis,Jardin,48176 Mccormick Plaza,Putat Lor,62-(852)502-6390,37086.31,cras
226,Rosana,Schuricke,7377 Superior Avenue,Bashtanka,380-(968)125-8361,59542.41,curabitur
227,Ailene,Arr,90 Schmedeman Terrace,Canillo,376-(250)130-1874,26028.9,ante
228,Maddy,Honywill,7096 Jana Way,Ridderkerk,31-(298)238-0379,20689.11,elementum
229,Ddene,Faulconbridge,64 Gateway Place,Harjamukti,62-(163)943-3135,65057.13,fusce
230,Margret,Satterley,624 John Wall Pass,Maindang,63-(415)571-4099,72407.42,justo
231,Constancia,Enrietto,680 Old Shore Hill,Sukamaju,62-(201)558-2341,85725.2,viverra
232,Almire,Hurdwell,55908 Russell Parkway,Ķegums,371-(223)180-8411,23400.95,odio
233,Hillie,Batham,59155 Southridge Avenue,Kaliuling,62-(451)441-3715,34016.66,congue
234,Cicily,Ferraro,09 Corben Junction,Nubl,963-(567)896-7163,3989.6,at
235,Gigi,Elmes,229 Warner Alley,Bojongsari,62-(955)142-0119,25427.99,tristique
236,Natassia,Poel,31646 Homewood Center,Skeldon,592-(193)548-8208,32409.39,in
237,Gawen,Ledwidge,88481 Hintze Center,Mhango,255-(221)671-7220,59470.56,in
238,Nathaniel,Madgin,64707 Vera Road,Shizuishan,86-(380)461-5813,77569.43,nam
239,Ikey,Steffan,65966 Bowman Avenue,Jiangjia,86-(826)667-3629,37263.5,viverra
240,Johnathan,Graveson,35495 Killdeer Parkway,Mondlo,27-(413)785-7691,67577.15,quis
241,Sander,Gaitskill,94997 John Wall Lane,Pathum Thani,66-(154)656-5440,74830.09,vel
242,Georges,Headech,8606 Morning Drive,Sainte-Marthe-sur-le-Lac,1-(959)476-0568,89141.41,quis
243,Blair,Gutridge,22008 Summer Ridge Court,Maricá,55-(580)568-5198,31361.89,neque
244,Giordano,McMakin,4480 Cottonwood Parkway,Sebulu,62-(204)531-5109,58404.64,elementum
245,Hatti,Simkiss,9617 Glacier Hill Street,Church End,44-(448)991-4598,13085.34,erat
246,Sloan,Cason,8506 Hoepker Place,Rybie,48-(465)120-7574,61548.29,congue
247,Duff,Masson,146 Sommers Court,Pasrukrajan Satu,62-(725)208-5841,96538.47,vel
248,Elliott,Piwell,12 Eastwood Parkway,Citasuk,62-(426)696-6760,79994.38,sit
249,Goldarina,Laughlan,2220 Melvin Circle,Pretoria,27-(957)736-4541,46383.67,dolor
250,Damita,Paty,0 Ohio Way,Botshabelo,27-(519)194-9609,55187.31,justo
251,Lenna,Gofford,21945 Lighthouse Bay Crossing,Šenov,420-(786)342-6148,70307.22,faucibus
252,Nerissa,Murkus,8380 Raven Point,Okotoks,1-(189)587-3778,26817.67,etiam
253,Morgan,Theuss,9 Northfield Point,Huntington,1-(304)231-8845,87440.46,in
254,Kayle,Frosdick,488 Bashford Parkway,Bangelan,62-(643)442-5228,2034.44,eu
255,Loy,Iacopetti,76401 Welch Avenue,Kaniów,48-(179)514-5414,77326.45,tellus
256,Elise,Munton,68370 Dunning Avenue,Pandasan,63-(236)276-4958,97001.07,et
257,Derk,Caulliere,642 Elmside Court,Panyarang,62-(296)865-9446,21933.45,risus
258,Melisa,Pinnocke,5748 Nevada Lane,Fuchang,86-(489)797-5781,69164.98,cras
259,Petrina,Mattys,8031 Susan Terrace,Tochio-honchō,81-(823)344-1760,41567.57,luctus
260,Brendan,Ditter,04 Scofield Circle,Fornos de Algodres,351-(232)133-4704,48684.36,molestie
261,Niki,Di Dello,80238 Forster Alley,Kotuń,48-(967)761-1651,34112.86,arcu
262,Marlyn,Pither,8821 Vera Circle,Daruoyan,86-(370)161-4385,2726.66,erat
263,Dylan,McInnes,1401 Longview Crossing,Liên Chiểu,84-(932)314-2631,82850.08,vivamus
264,Dian,Caddock,47 Warner Park,Babice,48-(873)972-2564,77426.44,lacinia
265,Torey,Simondson,618 Aberg Terrace,Doruchów,48-(950)114-2675,93526.01,non
266,Hermia,Wilcott,7242 Dunning Avenue,Gulong,86-(346)868-6221,55199.22,ac
267,Sari,Rundle,7 Sloan Trail,Al Bāţinah,967-(669)701-0647,73783.47,ornare
268,Ashlee,Macauley,02206 Cody Crossing,Qizili,86-(116)709-9680,74240.67,tristique
269,Nickey,Gulk,31714 Arizona Pass,Shiyuan,86-(210)450-8959,15255.72,arcu
270,Tallulah,Nosworthy,62466 Texas Park,Xin’an,86-(455)696-4305,11358.1,enim
271,Kincaid,Mahedy,757 Harper Road,Badagry,234-(731)230-6123,77024.26,felis
272,Erastus,Hairsnape,43 Melvin Court,As Sulayyil,966-(567)398-3502,44681.44,justo
273,Meade,Jaulmes,4 Nelson Court,Nong Yasai,66-(438)521-9109,89130.86,nulla
274,Rem,Norcliff,12 Lerdahl Pass,Žatec,420-(581)783-7966,2623.38,nibh
275,Bonni,Petrusch,03 Sugar Avenue,Coaraci,55-(329)567-2549,46967.68,sit
276,Orazio,McCrie,9881 Prairie Rose Drive,Yangsi,86-(450)454-1388,43575.74,pellentesque
277,Cora,Kydd,91684 Autumn Leaf Lane,Pervomayskoye,7-(313)480-2942,1287.68,blandit
278,Noella,Armour,596 Coleman Lane,Anopog,63-(476)120-4521,72647.06,in
279,Adan,Croutear,21755 Loeprich Street,El Rosario,503-(253)948-2849,1593.36,montes
280,Albertine,Pitcaithley,97 Starling Park,Stavyshche,380-(419)309-6273,24223.64,pellentesque
281,Pebrook,Drabble,93244 Hoepker Drive,Whakatane,64-(598)699-0763,14295.02,vulputate
282,Bobby,Cassells,53 Waxwing Crossing,Kengkou,86-(723)546-1340,96462.15,vitae
283,Rockwell,Dowding,2 Heath Avenue,Greater Napanee,1-(503)407-8017,55290.7,pulvinar
284,Layney,Growcott,132 Haas Plaza,Buin,56-(136)375-2673,98823.06,nulla
285,Emmit,Heady,07 Golf Course Street,Partang,86-(931)552-9520,50289.39,in
286,Elsey,Grabban,85 Cascade Alley,Matriz de Camaragibe,55-(631)126-2270,49235.46,nascetur
287,Harriet,Dewfall,48 Butterfield Road,Dongping,86-(374)708-6257,50072.66,posuere
288,Edgard,Klimkin,377 Hoepker Parkway,Hakodate,81-(231)781-9505,21558.62,cursus
289,Claudius,Glasebrook,0 Sullivan Point,Cox’s Bāzār,880-(745)334-0602,48752.41,eu
290,Benito,Pierucci,23 Ilene Hill,Chengguan,86-(922)658-8534,82229.84,lorem
291,Meghan,Cumpsty,72 Straubel Road,Mafraq,962-(706)612-9139,5640.61,amet
292,Giordano,Bever,9 Del Sol Terrace,Kamennogorsk,7-(643)711-4103,77767.84,lacinia
293,Pepi,Bilsford,9 Waywood Crossing,Khvānsār,98-(759)257-2209,25335.74,eu
294,Maurice,Vreiberg,04924 Lawn Avenue,Shar’ya,7-(195)872-1963,33747.41,phasellus
295,Immanuel,Chant,5 Valley Edge Trail,Ādam,968-(359)683-9421,45397.03,ultrices
296,Georgeta,Curd,63 Morningstar Pass,Balad,964-(901)849-9351,36884.89,felis
297,Caleb,Ubee,02 Arrowood Junction,Qihama,86-(300)156-4206,40178.2,in
298,Salvidor,Harrington,41452 Haas Junction,Sarmanovo,7-(919)912-1496,39293.87,nam
299,Stewart,McTurlough,0260 New Castle Pass,Rokytne,380-(867)860-7304,29450.21,egestas
300,Phil,Rylance,033 Lawn Center,Tougan,226-(431)102-6142,62931.52,vel
301,Irita,Matoshin,8 Larry Park,Bierawa,48-(186)538-1493,96341.6,felis
302,Kordula,Whitear,05320 Kings Alley,Tranås,46-(506)724-8735,98684.91,non
303,Ernestine,Linacre,33 Fulton Crossing,Penalva de Alva,351-(379)962-7101,23899.88,convallis
304,Wenona,Corbett,3 Westridge Plaza,Rimpeso,63-(662)694-1855,43486.59,non
305,Robin,Alexandre,180 Everett Place,Rancaerang,62-(498)402-6093,86242.49,varius
306,Seline,Gowans,316 Loeprich Center,Huquan,86-(810)893-2275,48188.12,quis
307,Thibaut,Flasby,16216 Porter Center,Humniska,48-(352)827-9492,34829.95,ipsum
308,Ronni,Samples,9738 Haas Crossing,Huashixia,86-(454)297-1262,17983.5,dictumst
309,Yasmeen,Cuxson,650 Harper Drive,Uzyn,380-(613)833-0817,33600.05,porttitor
310,Veronike,Borgnet,81308 Porter Place,Jiangya,86-(323)804-5686,71685.07,suscipit
311,Burnaby,Anfossi,91402 Mallory Circle,Salisbury,1-(568)238-7731,27798.98,lobortis
312,Kordula,Renyard,4453 Chive Drive,Lugar Novo,351-(196)769-4760,57676.09,vel
313,Sergio,Rookeby,6 Dayton Crossing,Murmino,7-(374)984-3081,36589.24,porta
314,Cirilo,Boulding,00523 Golden Leaf Drive,Carriedo,63-(694)735-2828,62780.43,a
315,Sheeree,Cruddace,59289 Florence Lane,Sabana de Parra,58-(221)305-0999,28283.97,ligula
316,Rocky,Davenall,292 Basil Center,Jardín,57-(809)307-4276,80320.52,nam
317,Janeczka,Durran,1 Hauk Alley,Guarabira,55-(956)257-2194,78189.62,quam
318,Kipp,Bretherton,0247 Elmside Point,Syzran’,7-(773)932-4820,85396.63,tortor
319,Lelah,Farnall,398 Russell Center,Presidente Epitácio,55-(279)236-0722,88085.79,tristique
320,Kenn,Woloschinski,4 Eastwood Crossing,Quebradas,504-(455)533-4579,72901.53,tincidunt
321,Johann,Rizon,245 Brickson Park Avenue,Amfíkleia,30-(577)424-5710,98235.16,vitae
322,Susie,Lambillion,1 Troy Lane,Tiblawan,63-(973)125-9768,75857.91,vel
323,Joscelin,Disman,0979 Sage Trail,Capão da Canoa,55-(926)664-8208,92995.24,ipsum
324,Elvis,Scotts,3 Del Mar Drive,Bonriki Village,686-(530)480-5055,30253.59,aliquam
325,Morly,Redwood,3803 Manley Street,Pagatan,62-(803)585-5446,20854.59,est
326,Pen,Boness,940 Bowman Junction,Ciseureuheun,62-(115)243-1093,39776.46,vitae
327,Leopold,Clac,34 Mayfield Avenue,Askainen,358-(858)970-2083,21438.74,nullam
328,Konstance,McCrossan,4535 Hintze Avenue,Mirovice,420-(545)465-1718,95721.63,vestibulum
329,Bili,Jewer,40 Homewood Avenue,Bojong,62-(484)890-6184,84234.62,dui
330,Harley,Smallthwaite,8 Thompson Drive,Derventa,387-(932)957-4496,75044.5,molestie
331,Janeczka,Hucquart,9 Farmco Point,Ağdam,994-(879)643-4498,70256.02,pellentesque
332,Nickolas,Wrate,9 Ridgeview Pass,Qinnan,86-(386)149-0100,50115.25,morbi
333,Shoshana,Canete,3 Tennessee Circle,Tunggar,86-(224)341-5248,90929.68,cras
334,Christoffer,Kelwick,95 Old Shore Junction,Karangpaningal,62-(803)443-0472,13637.89,quis
335,Candis,Witherspoon,0 Lakewood Hill,Cigintung,62-(111)994-1106,47576.39,tincidunt
336,Isidoro,Konrad,42 Hooker Trail,San Andres,63-(107)641-0876,68265.89,dolor
337,Roi,Sirkett,750 Oriole Trail,Kut Chum,66-(424)549-0599,27636.0,convallis
338,Lacy,Condell,82884 Kenwood Parkway,Quinjalca,51-(272)333-1620,21500.25,nisl
339,Clarey,Wharby,49973 Ridgeview Court,Kuzhu,86-(711)658-6500,97498.86,tellus
340,Bernetta,Lightman,7796 Emmet Drive,Rancamaya,62-(644)874-3135,11008.73,lacus
341,Chrissie,McMenemy,4782 Farragut Drive,Dayin,86-(191)579-1136,8487.56,parturient
342,Shanie,Yakobovitz,62 Main Terrace,Aygek,374-(356)142-2623,78194.41,sed
343,Morrie,Killingbeck,2187 Welch Crossing,Ambato Boeny,261-(701)627-8822,43936.53,consequat
344,Daisey,Longmate,741 Darwin Road,Torsås,46-(790)463-4860,24021.98,molestie
345,Bobby,Lagden,07185 Vernon Park,Kronshtadt,7-(294)513-0248,40732.29,tincidunt
346,Jamey,Fairbanks,904 Bluestem Hill,Liloan,63-(662)969-0740,3442.15,dolor
347,Corly,Laguerre,069 Oneill Alley,Fontenay-sous-Bois,33-(924)495-8186,27162.93,semper
348,Carley,Vanyushkin,93 Briar Crest Parkway,Barnaul,7-(222)546-9016,27317.33,cursus
349,Arliene,Butchers,6242 Aberg Way,Ponce,1-(417)126-7368,64775.43,non
350,Alyse,MacKeague,2724 Golf Park,Le Perreux-sur-Marne,33-(180)713-3528,59033.52,ipsum
351,Nevile,Kryska,6 Maple Road,Queniquea,58-(399)625-3238,29550.46,nibh
352,Mathilda,Rollings,23 Waywood Circle,Rosaspata,51-(346)758-7988,5279.75,maecenas
353,Winfield,Lode,3131 Riverside Place,Conde,55-(717)402-1731,76134.43,eu
354,Brinna,Urien,5 Anzinger Point,Tanjungbatu,62-(192)701-9129,87489.45,mauris
355,Kimmie,De Ruggero,474 Esker Plaza,Foúrnoi,30-(179)450-6711,49163.31,porttitor
356,Andrea,Denisyev,559 Karstens Parkway,Laiyuan,86-(197)845-9719,87622.39,sapien
357,Maurine,Thon,3 Fordem Crossing,Kórnik,48-(523)473-9197,55650.65,consequat
358,Alikee,Bigland,1303 Cottonwood Place,Maracanaú,55-(165)819-3518,87830.03,quam
359,Leia,McMurty,47701 West Crossing,Dhī Nā‘im,967-(419)764-1176,41208.57,vestibulum
360,Tonnie,Nicholas,6 Vera Crossing,Akune,81-(993)348-0462,14418.86,arcu
361,Jarrod,Hinrich,53 Milwaukee Court,Ipoh,60-(249)634-1723,1970.29,volutpat
362,Eileen,Mathwen,19 Rutledge Lane,Aral,86-(875)908-2655,72944.9,sodales
363,Koo,Bonnet,033 Vermont Pass,Abay,7-(637)777-2742,68953.67,curae
364,Binny,Tutt,769 Killdeer Crossing,Garissa,254-(415)425-7446,859.53,sit
365,Ola,Durbyn,665 Talisman Drive,Shizuoka-shi,81-(251)793-1969,93728.56,tincidunt
366,Benson,Keitch,44 5th Avenue,Pangkajene,62-(838)491-2880,66071.34,in
367,Lolita,Mosedale,5890 Dryden Crossing,Planaltina,55-(496)560-1442,58639.14,consectetuer
368,Anthe,Beveridge,4503 Summerview Terrace,Santiago,63-(528)569-2978,64488.43,dolor
369,Royall,Ferroli,1 Susan Avenue,Dolní Studénky,420-(682)686-4047,1890.49,quam
370,Teodora,Mattei,98 Buena Vista Point,Kapan,374-(939)749-7313,90766.0,convallis
371,Candis,Pycock,937 Sachtjen Park,Dardhas,355-(424)758-0964,24540.87,sit
372,Gustav,Hoyland,4 Armistice Circle,Patarrá,506-(671)384-8510,7028.77,quisque
373,Calley,Riggert,185 Cottonwood Road,Furudate,81-(790)435-1170,27811.24,a
374,Carol,Bugler,90359 Brickson Park Parkway,Didian,86-(378)504-6494,770.1,feugiat
375,Tabb,Marsh,8554 Kennedy Pass,Doña Remedios Trinidad,63-(158)124-6495,41507.96,diam
376,Lyn,Shropshire,0126 Northridge Pass,Verkhneye Kazanishche,7-(145)430-6645,67590.89,ut
377,Wilmette,Roches,1 Meadow Valley Circle,Blagoveshchensk,7-(104)213-5896,60488.44,accumsan
378,Mariska,Charker,07 Kim Place,Marcala,504-(497)407-6386,56207.6,volutpat
379,Wilbur,Croutear,70940 Chinook Terrace,Rrapë,355-(751)632-8582,34004.69,nunc
380,Celine,Lamborne,88506 Memorial Trail,San Jose,1-(408)427-5428,60148.59,augue
381,Quincy,Dewick,861 Lunder Place,Quận Năm,84-(831)751-8409,99497.91,duis
382,Alonzo,Del Monte,2061 Clarendon Way,Mayang,62-(768)949-9987,87972.01,primis
383,Armand,Foreman,104 2nd Center,Tamot,66-(760)318-5425,64727.13,interdum
384,Smith,Janning,729 Acker Pass,Zall-Dardhë,355-(436)699-5749,6777.06,ante
385,Burtie,Oosthout de Vree,8 Hovde Terrace,Biliran,63-(432)460-9147,70628.32,et
386,Britt,Paolo,7 Truax Court,Şirrīn ash Shamālīyah,963-(103)387-8011,21003.47,praesent
387,Della,Harring,00 Hoffman Crossing,Évora,351-(146)605-3374,71492.3,porta
388,Kerianne,Rosie,12 Dennis Pass,Huanggang,86-(414)582-0720,27894.03,justo
389,Liliane,Janssen,77745 Shopko Place,Stulovo,7-(223)320-1376,36069.7,proin
390,Lexie,Esslement,0886 Emmet Junction,Pokotylivka,380-(151)277-1222,66752.26,quam
391,Stanislaw,Solan,830 Steensland Parkway,Bakung,62-(391)588-0935,8317.45,porttitor
392,Marv,Leyes,404 Little Fleur Alley,Żurowa,48-(475)106-3145,16703.03,mus
393,Faythe,Stanion,40 Wayridge Hill,Barg-e Matāl,93-(416)958-9422,24345.56,odio
394,Tedda,Brozek,02 New Castle Avenue,Sokolovo,7-(463)886-6454,78658.24,sem
395,Jen,McKall,15 Laurel Circle,Gelin,86-(973)254-3414,14839.9,nunc
396,Sybila,Swiggs,7 Oriole Terrace,Mullovka,7-(187)209-0241,2486.56,ridiculus
397,Killy,Zuppa,3 Utah Alley,Sanhu,86-(654)489-8277,59801.56,aliquam
398,Audry,Roberds,304 Tony Avenue,Alubijid,63-(981)273-7463,51685.07,eleifend
399,Marice,Dunkerley,8462 Garrison Point,Umeå,46-(353)640-6690,46749.39,pede
400,Dina,Urling,59 Ridgeway Pass,Cidikit Girang,62-(890)129-8976,19666.78,ultrices
401,Eugene,Avrahamof,6 Gerald Center,Lugu,86-(924)401-3593,21630.0,massa
402,Leroi,Arunowicz,8 Heffernan Pass,Chicago,1-(773)885-3045,54080.06,mauris
403,Ayn,Fransemai,889 Lotheville Road,Carmelo,63-(295)148-1397,15136.89,curae
404,Dodi,Durden,385 Texas Junction,Polevskoy,7-(819)590-0778,21985.06,blandit
405,Walsh,Kuhn,2687 Morningstar Crossing,Casais,351-(562)548-6337,47834.78,vivamus
406,Vanna,Oliphand,0 Eastwood Way,Kítsi,30-(809)896-3237,3807.04,venenatis
407,Amalle,Fenna,99733 Blaine Point,Songqiao,86-(794)940-4835,57355.71,volutpat
408,Leone,McAnellye,293 Lotheville Junction,Gangshangji,86-(319)967-8885,18161.81,aenean
409,Gerick,Harrington,4017 Graedel Park,Maisons-Alfort,33-(883)269-4626,21481.22,pellentesque
410,Bebe,Spitell,6099 Northwestern Circle,Machida,81-(434)355-0826,80387.36,vestibulum
411,Raine,Lisett,4720 Washington Circle,Mezinovskiy,7-(877)359-5505,10120.29,potenti
412,Ondrea,Chantler,34974 Helena Point,Ercheng,86-(427)997-1220,97528.63,fermentum
413,Sam,Clear,24470 Spenser Drive,Kraton,62-(867)111-5381,71459.04,vestibulum
414,Burg,Yalden,41404 Ludington Street,Basiao,63-(294)974-0724,55285.43,placerat
415,Fionna,Meriton,0169 Dakota Plaza,Starobin,375-(792)302-2360,44059.22,odio
416,Rich,Reeken,04 Thackeray Avenue,Gigant,7-(783)631-2626,25463.64,ac
417,Archie,Coopper,29654 Grover Terrace,Tāndo Mittha Khān,92-(233)604-2383,18819.39,vel
418,Rhiamon,Gors,8 Transport Park,Nyköping,46-(278)196-6310,32919.82,luctus
419,Melicent,Moraleda,19224 Dayton Drive,Petauke,260-(252)188-3523,34376.9,platea
420,Clarisse,Pierse,61 Daystar Lane,Lipci,382-(614)727-4567,44399.5,ac
421,Harmon,Rowter,6 Northview Road,Zhoinda,86-(547)993-2894,15511.08,quis
422,Ayn,Semmence,42638 Northfield Plaza,Cubatão,55-(613)619-1785,6131.79,risus
423,Dena,Himsworth,80 Declaration Court,Binitayan,63-(280)837-0142,35280.8,erat
424,Beitris,Hassin,760 Hoard Point,Onzaga,57-(521)569-3446,10892.86,nisi
425,Hamid,Soloway,29 David Court,Manzini,268-(826)824-1833,67516.0,urna
426,Wiatt,Glasheen,65255 Miller Drive,Yakovlevskoye,7-(808)456-1566,20402.32,nulla
427,Berty,Sjollema,5386 Springs Street,Quwaysinā,20-(313)587-0168,61298.77,vestibulum
428,Daffi,Bleakley,51 Valley Edge Lane,Kushiro,81-(311)841-5329,31092.88,vel
429,Lek,Grebner,3 Clyde Gallagher Street,Waihi,64-(972)646-6646,55283.31,justo
430,Karlis,Saffon,4107 Westport Drive,El Aguacate,52-(863)274-5287,61487.16,est
431,Ty,Tremblay,85 Lindbergh Point,Dampol,62-(782)551-3092,3251.21,id
432,Lory,Brislawn,60 Haas Park,Guanzhou,86-(518)123-9748,25041.62,venenatis
433,Mirabelle,Jayume,755 Mendota Terrace,Hohhot,86-(860)464-1090,37914.07,erat
434,Patrice,O'Breen,8734 Clarendon Avenue,Banjarejo,62-(902)366-7143,32358.41,velit
435,Ariadne,Sinkin,180 Hoepker Lane,San Francisco,63-(622)842-5507,25241.13,vestibulum
436,Willis,Kingsford,33739 Hooker Junction,El Paso,1-(915)258-0657,66951.95,eu
437,Estelle,Stedall,92 Buhler Plaza,Santiago,63-(944)969-2663,73485.56,sapien
438,Kellsie,Mounter,6024 Vernon Plaza,Urayasu,81-(228)533-2264,72503.11,eget
439,Charmane,Wike,7 Longview Place,Tuanalepe,62-(151)741-4066,23081.84,justo
440,Ashlee,Demare,26 Ronald Regan Avenue,Batuan,86-(188)681-7639,7937.35,tortor
441,Melantha,Pawlett,7 Daystar Way,Koror Town,680-(845)878-9933,15997.79,odio
442,Elinore,Boecke,7200 Veith Park,Jiaotan,86-(662)284-4266,89427.94,mauris
443,Maryl,Brenston,12 Northland Street,‘Afak,964-(294)591-3330,73027.61,nulla
444,Glynnis,Kingdon,6488 Westerfield Place,Zmiennica,48-(370)596-4684,44681.1,platea
445,Julina,Stebles,4 Johnson Place,Pyatigorsk,7-(202)737-1737,19209.87,pellentesque
446,Ardyth,Aymer,37409 Surrey Point,Daijiaba,86-(165)597-6568,63234.84,interdum
447,Fania,Cucinotta,0893 High Crossing Hill,Belo Horizonte,55-(439)839-0161,89897.52,dolor
448,Eleni,Swyn,300 Northwestern Park,Anda,63-(338)694-0536,4327.71,volutpat
449,Noach,Bollis,6084 Monterey Alley,Koh Tao,66-(633)302-5436,91324.54,pulvinar
450,Aleksandr,Duesberry,07 Clyde Gallagher Pass,Newlands,27-(423)692-6746,545.49,a
451,Ive,Pellett,7 Havey Alley,Huangbei,86-(237)642-3001,19242.92,quam
452,Brenn,Bohlens,3789 Darwin Drive,Sorocaba,55-(367)601-6057,71246.85,diam
453,Rosanna,Kitchingham,48875 Novick Circle,Ankaran,386-(328)767-8272,3947.14,primis
454,Estella,Pollicote,38 Myrtle Avenue,Harian,62-(963)366-1684,88841.99,sit
455,Nikita,Halso,452 Milwaukee Drive,Tarko-Sale,7-(583)614-8473,52377.59,est
456,Lionel,Rosling,23 Anderson Trail,Pendawanbaru,62-(714)993-5085,79177.7,accumsan
457,Billye,Haugh,7994 Merchant Pass,Longxing,86-(420)288-3871,96350.07,augue
458,Octavia,Moorey,549 Boyd Terrace,Costeira do Pirajubae,55-(886)976-7730,78052.04,adipiscing
459,Ollie,Ector,46092 Dawn Drive,Driefontein,27-(182)539-8113,39146.34,platea
460,Alisander,Yard,000 Kropf Court,Kosiv,380-(806)477-6958,23032.03,luctus
461,Milzie,Hazlewood,28773 Kropf Place,Motala,46-(796)711-5609,56369.47,sit
462,Ricard,Challener,9 5th Road,Gjirokastër,355-(180)692-4759,46362.92,ut
463,Deirdre,Lippini,6659 6th Parkway,Nanlu,86-(469)580-7398,58605.44,dui
464,Pattie,Polle,1970 Fairview Lane,Örebro,46-(572)576-7240,88330.01,dui
465,Velma,Climie,5593 Clemons Pass,Guilin,86-(872)791-9375,82256.77,est
466,Dita,Lukock,4 Claremont Trail,Baoyou,86-(862)325-3870,84699.75,ipsum
467,Obadias,Karlmann,41 Farwell Plaza,Sedati,62-(828)155-3817,2533.53,cubilia
468,Hyacinth,Varren,11109 Hollow Ridge Way,Camarate,351-(652)940-9196,55649.44,quam
469,Fianna,Tolhurst,8 Mockingbird Pass,Watangan,62-(535)697-7264,24915.68,justo
470,Tirrell,Dunkley,6252 Northfield Pass,Zaječov,420-(589)710-9146,3239.17,ut
471,Gwen,Boni,1765 Nancy Court,Imeni Tsyurupy,7-(286)273-5950,98571.44,nisl
472,Lacie,Boater,6444 Ohio Hill,Cereté,57-(876)362-2524,22067.33,sed
473,Linn,Zuenelli,35 Bellgrove Point,Doujia,86-(691)232-8258,7302.27,justo
474,Levy,Wince,935 Buell Drive,Xipi,86-(733)735-7223,84531.11,congue
475,Paquito,Hukin,046 Wayridge Hill,Chicacao,502-(731)343-9189,38456.29,quis
476,Alene,Perris,25 Shelley Terrace,Łopuszna,48-(944)275-9067,48102.96,est
477,Noel,Bernhardt,45 Bowman Place,Għaxaq,356-(839)808-5631,75215.12,id
478,Zsazsa,Kernock,62435 Heath Hill,Mount Ayliff,27-(411)115-2888,8447.98,nulla
479,Inger,Mabbett,08 Myrtle Circle,Bāniyās,963-(845)837-8844,96377.49,porta
480,Conney,O'Gaven,81 Manitowish Point,Kigali,250-(156)816-2723,23347.81,ipsum
481,Bobby,Hubbins,22 Merchant Lane,San Benito,502-(198)647-7383,4166.52,sit
482,Rona,Ambrozik,8 Forest Park,Windusakti Hilir,62-(187)717-2575,90486.62,ultrices
483,Flora,Spackman,90037 Blackbird Drive,Tayirove,380-(912)100-1673,94196.39,justo
484,Myer,Backe,9 Roxbury Place,Louisville,1-(502)373-3533,24526.89,quisque
485,Josefina,McCarthy,6328 Dwight Court,Monino,7-(909)127-7421,1708.34,quam
486,Barrie,Easum,5 Sachtjen Hill,Buôn Trấp,84-(102)148-8267,55970.1,proin
487,Paula,Lghan,31 Mallory Point,Solok Timur,62-(516)800-0199,85886.81,amet
488,Fedora,Filinkov,8634 Carey Crossing,Tarusan,63-(359)435-5159,66071.18,augue
489,Staford,Rieger,99451 Thackeray Trail,Soufrière,1-(714)165-6421,42836.27,id
490,Eli,Stephens,001 5th Circle,Balogo,63-(457)309-1630,46357.32,volutpat
491,Skip,Mival,1681 Trailsway Junction,Wotho,692-(569)479-6669,23692.38,risus
492,Harper,Bannester,599 Pearson Place,Toba,381-(846)639-1255,617.6,eros
493,Gabriele,Franzoli,71577 Leroy Center,Manique,351-(730)541-0629,36419.64,augue
494,Bernarr,Thredder,6889 Burning Wood Pass,Castainço,351-(778)426-8517,18748.01,mattis
495,Vladimir,Wilse,26912 7th Road,Jiedu,86-(814)147-9906,61717.6,turpis
496,Shanie,O'Dunneen,24149 Waywood Junction,Kadubera,62-(224)475-7811,79301.32,ultrices
497,Toma,Wyldish,8975 Northport Street,Morro Agudo,55-(827)779-7940,58263.55,orci
498,Francisca,Rodgier,0 Walton Court,Sokol,7-(481)200-8018,69899.35,quis
499,Karine,Dowman,9 Johnson Court,Cadagmayan Norte,63-(380)645-9705,76543.28,in
500,Tami,Stiant,19445 Thackeray Junction,Karakabak,86-(200)559-0882,52129.8,turpis
501,Jonie,Gantlett,0251 Browning Lane,Ivry-sur-Seine,33-(431)578-2747,88432.0,justo
502,Nevil,Critcher,541 Troy Trail,Três Passos,55-(974)537-9986,63011.2,leo
503,Sidonia,Flatt,8 Rowland Parkway,Keli,86-(710)261-3194,80687.17,id
504,Rozina,Gibbard,90672 Carberry Alley,Tanbu,86-(466)891-2275,17043.25,integer
505,Alexandro,Beagen,38 Lakewood Trail,Béziers,33-(267)456-6677,62371.24,pellentesque
506,Eleanor,Crofthwaite,45965 Doe Crossing Drive,Korop,380-(320)409-9818,93228.52,duis
507,Clifford,Chidlow,84 Memorial Park,Rio Grande da Serra,55-(862)929-2702,10043.47,luctus
508,Jany,Farahar,80511 Cherokee Lane,Santo Tomás,505-(479)418-0157,24972.27,non
509,Blondelle,Rosendall,82105 Dixon Lane,Lyskovo,7-(203)109-9546,28374.06,ante
510,Callida,Belfit,4 Arkansas Way,Garland,1-(469)360-7353,63556.39,potenti
511,Gray,Bettley,4246 Sunbrook Avenue,Providencia,52-(538)638-9523,71580.29,amet
512,Deeann,Fumagall,57 Corscot Street,Vicente Guerrero,52-(408)962-1339,81929.33,magna
513,Zacharie,Croydon,995 Manley Crossing,Benito Juarez,52-(720)244-6219,57570.33,donec
514,Nerta,Dyott,21524 Pond Center,Solotcha,7-(702)284-6340,66520.58,ac
515,Ellyn,Worham,3359 Marquette Avenue,Nizhniy Chir,7-(270)778-8143,25300.94,fusce
516,Estrellita,Harmstone,08048 Sommers Lane,Dumingag,63-(933)644-1424,74362.87,potenti
517,Eldon,Paulton,10908 Gina Lane,Vide,351-(461)519-7859,87117.27,aliquam
518,Winnie,Honywill,2276 Badeau Center,Koreiz,380-(588)410-1738,15784.93,ligula
519,Myer,Renforth,245 Ohio Park,Caridade,351-(512)304-0564,72460.62,bibendum
520,David,Cozzi,08 Florence Terrace,Mahalapye,267-(582)975-6153,56563.09,justo
521,Kylie,Bootton,0335 Laurel Junction,Ravānsar,98-(231)933-6574,21627.13,facilisi
522,Tabor,Domico,95 Dakota Drive,Rizal,63-(816)564-3605,59310.85,cursus
523,Care,Erb,03 Hanson Hill,Saint-Quentin-Fallavier,33-(111)625-1007,30816.28,convallis
524,Marian,Snoxill,3 Little Fleur Crossing,Loúros,30-(437)894-5559,8605.99,metus
525,Rivi,Lorroway,13672 Comanche Hill,Argel,374-(567)368-6383,56203.53,magna
526,Mendy,Lassell,4 Reindahl Crossing,Maubara,670-(377)847-3825,22082.61,quis
527,Minerva,Calkin,04 Debra Road,Pedinó,30-(947)971-6155,73448.73,duis
528,Eziechiele,Clemerson,185 Arrowood Alley,Bertoua,237-(335)952-2156,16180.04,porttitor
529,Gardener,Van Arsdall,2 Logan Center,Yukuhashi,81-(131)740-5827,47249.72,est
530,Winny,Melrose,45018 Nova Circle,Lüfeng,86-(810)297-8739,65878.39,amet
531,Alissa,Fearne,869 Golf View Trail,Ngurore,234-(366)980-1526,10185.2,amet
532,Vittorio,Lamba,4 Hoard Road,Yanhe,86-(355)435-6168,70292.39,vivamus
533,Emmery,Greenall,6125 Kinsman Place,Kampungbajo,62-(619)374-7181,67486.76,arcu
534,Minnaminnie,Nottingham,8 Spenser Terrace,Achiaman,233-(789)593-9322,33038.44,euismod
535,Angy,Blamey,92 Express Terrace,Sam Phran,66-(361)437-2778,30058.57,sociis
536,Kris,Spohrmann,1420 Mcguire Park,Odrinhas,351-(975)999-8854,31202.42,justo
537,Monah,Speke,94346 Talmadge Point,Ladhewāla Warāich,92-(372)680-7307,80071.52,sodales
538,Eugenius,McGloughlin,89 Algoma Crossing,Oehaunu,62-(484)246-9835,65596.01,mi
539,Gardy,Uff,0574 Elgar Plaza,Catende,55-(980)332-5229,46751.94,vel
540,Purcell,Kennsley,5 Lindbergh Lane,Nāḩiyat as Sab‘ Biyār,963-(967)780-6802,13725.52,pellentesque
541,Lonnie,Shorter,274 Thierer Lane,Itapevi,55-(431)628-1471,81123.4,feugiat
542,Karon,Redholls,772 4th Circle,Osiek nad Notecią,48-(846)395-9038,50295.29,praesent
543,Huntlee,Abbs,13 Pepper Wood Place,Gamleby,46-(694)246-3510,95406.38,mauris
544,Alix,Dobrovsky,67864 Gulseth Way,Jasaan,63-(667)321-2450,27122.9,faucibus
545,Jermaine,Pere,472 Raven Lane,Huacrapuquio,51-(492)724-8583,19614.41,viverra
546,Vernice,Buller,250 Lakewood Gardens Center,Wassu,220-(971)691-5269,16818.87,dui
547,Nata,Miell,126 Truax Center,Pincher Creek,1-(846)783-9578,47644.33,in
548,Raffarty,Haukey,27837 Rigney Place,Huanipaca,51-(747)109-6549,45767.86,nibh
549,Benny,Gemelli,4 Arkansas Hill,Nanxi,86-(726)334-7770,37339.24,in
550,Tansy,Wilmot,2640 Wayridge Hill,El Progreso,507-(222)484-2412,59686.04,rutrum
551,Glenna,Klimschak,48 Dakota Hill,Evansville,1-(812)455-9859,77572.79,proin
552,Johny,Holde,745 Dennis Place,Znamenka,7-(745)591-0568,61109.19,nec
553,Lonnie,Standring,9 Northland Parkway,Photharam,66-(916)737-0680,40400.99,ante
554,Barby,Harcarse,4 Bunting Street,Ruše,386-(457)910-6127,95170.1,congue
555,Adolph,Albarez,114 Messerschmidt Crossing,Rolândia,55-(803)989-6324,36679.46,duis
556,Lacee,Elgee,898 Northland Alley,Costa Rica,55-(887)682-1080,44723.22,habitasse
557,Sande,Royan,25 Buell Junction,Lalig,63-(502)659-5750,74281.25,diam
558,Tam,Milmith,0065 Canary Road,Xo’jayli Shahri,998-(402)830-2822,3484.12,in
559,Karalynn,Petchell,7 Kedzie Junction,Křížová,420-(446)994-5237,29407.56,arcu
560,Gabi,Gudge,3 Judy Terrace,Lomba,351-(406)520-7725,36033.98,sagittis
561,Stillmann,Cullon,25 Warner Trail,Tongchuan,86-(613)602-6957,6365.0,lacinia
562,Tuckie,Korting,07544 Hoepker Avenue,Hagonoy,63-(338)984-3739,52953.61,augue
563,Cass,Connold,417 Graceland Way,Santa Cruz,63-(812)177-6048,73221.94,turpis
564,Meta,Stickens,172 Muir Drive,Zhenzhushan,86-(605)277-0251,70567.45,sem
565,Charmion,Arkin,90 Kings Parkway,Sandia,51-(661)415-3617,80728.52,aliquet
566,Alanson,Cohn,83280 Grasskamp Lane,La Sarre,1-(829)568-8544,46123.38,lacus
567,Reggie,Gearty,15 Warner Parkway,Tapes,55-(289)230-1982,53071.16,in
568,Elvin,Hatto,378 Kenwood Crossing,Ewarton,1-(712)232-1924,55556.48,vestibulum
569,Krispin,Farfalameev,6 Oak Park,Cluses,33-(937)353-8712,30153.47,ut
570,Susi,Chessel,55 Dwight Street,Shetangpo,86-(839)575-2122,14206.51,potenti
571,Steffen,Proffitt,2375 Bay Pass,Pahing Pamulihan,62-(690)103-1663,26524.07,sociis
572,Jennee,Cunniam,85 Kedzie Lane,Harbin,86-(864)416-8056,42484.06,cubilia
573,Billie,Mustchin,85 Kedzie Point,San Rafael,63-(604)266-0634,33363.82,nunc
574,Dian,Dudhill,308 Victoria Place,Rakhmanovo,7-(963)810-7295,1299.07,venenatis
575,Abe,Sonner,93 Brentwood Place,Senneterre,1-(723)985-1554,81145.74,nibh
576,Dulcine,Gyngell,8 Village Green Place,Marseille,33-(419)491-7454,41220.21,tortor
577,Adelaide,Trice,13023 Buell Terrace,Bilyarsk,7-(761)704-5560,73065.28,diam
578,Linette,Lode,6 Eastwood Circle,Bum Bum,58-(362)197-8136,88033.63,ut
579,Francklyn,Croson,891 Kropf Park,Salamanca,56-(164)254-5886,78042.52,volutpat
580,Frank,Birmingham,2372 Portage Terrace,Pingli,86-(194)451-4018,36312.1,suscipit
581,Carling,Ferrie,66402 Little Fleur Court,Hemudu,86-(281)402-5838,17387.05,erat
582,Darryl,Grzegorczyk,87072 Village Point,Kedung,62-(583)286-4674,15973.13,eget
583,Torrey,Jalland,1748 Gale Alley,Lincheng,86-(204)689-2288,84838.81,vulputate
584,Claus,Terrell,5774 Mallard Road,Quintão,351-(906)315-4081,59963.68,non
585,Tomasine,Whewell,80160 Tennyson Terrace,Carcassonne,33-(756)284-1208,55499.9,donec
586,Cathrin,Hilling,45 5th Drive,Toulouse,33-(227)963-4791,5136.18,potenti
587,Katherina,Ingman,60 Melvin Terrace,Mocun,86-(325)813-7944,40222.63,dui
588,Joby,Screach,905 Dawn Avenue,Gary,1-(219)431-8498,34144.06,enim
589,Alaric,Ingleby,8564 Laurel Drive,Fatufeto,62-(384)598-2584,17601.13,leo
590,Kiley,Giffaut,3791 Dorton Junction,Goranboy,994-(553)244-0818,95720.68,pede
591,Catina,Gomby,98 Arizona Park,Natu,62-(131)227-1651,77723.53,mauris
592,Elsinore,Setter,852 Graedel Lane,Pilar,63-(971)554-0765,25401.71,vivamus
593,Danyette,Highwood,87704 Prentice Point,Natitingou,229-(385)215-3130,10597.99,fermentum
594,Currey,Fassum,6400 Redwing Crossing,Choma,260-(626)766-5082,16063.26,suspendisse
595,Vinny,Yakobowitz,9 Oak Valley Junction,Banjarsari,62-(827)200-7709,98215.52,sapien
596,Mel,Delue,959 Everett Hill,Najd al Jumā‘ī,967-(786)894-9852,35520.58,lobortis
597,Melodee,Pawlata,81 Mandrake Court,Corticeiro de Baixo,351-(291)213-4877,61462.48,mauris
598,Skip,Ennals,39 Hanover Avenue,Pimentel,51-(537)923-8114,44971.51,tortor
599,Willie,MacCumeskey,7085 Corry Trail,Paiçandu,55-(930)286-6042,1035.86,posuere
600,Renell,MacLaughlin,022 Michigan Lane,La Cruz,52-(502)993-2419,93203.85,sit
601,Madison,Dutch,0274 Farwell Point,Biga,63-(945)697-3305,6733.26,id
602,Laurie,Clitheroe,34462 Gulseth Crossing,Ngeru,62-(338)894-6182,23576.23,hac
603,Janela,Kelner,478 Hovde Drive,Iwŏn-ŭp,850-(368)131-4014,64191.33,ipsum
604,Annabell,Honnan,29 Paget Park,Baler Baleagung,62-(286)747-0007,2939.33,interdum
605,Omero,Barsham,49135 Shelley Trail,Kangān,98-(645)355-4609,12676.53,molestie
606,Bambi,Kencott,4 Trailsway Center,Corzuela,54-(294)635-5333,27444.48,lobortis
607,Fredi,Gisborne,79750 Sloan Junction,Belogorskīy,7-(164)802-2521,64302.78,sed
608,Charo,Teape,8 Lindbergh Alley,Thanh Ba,84-(436)896-8456,47586.71,pede
609,Bee,Feavers,40 Bellgrove Plaza,Rushankou,86-(287)615-9576,60200.13,justo
610,Bernice,Gardner,64905 Golf View Park,Konde,255-(550)823-8857,37854.4,eu
611,Maurizio,Klauer,40 Corry Avenue,Vicuña Mackenna,54-(310)579-5368,97986.04,placerat
612,Rollie,Laurand,03456 Del Sol Hill,Longquan,86-(739)866-2129,26021.45,mattis
613,Kippar,Woolner,314 Spohn Road,Panitian,63-(919)603-5882,13255.3,in
614,Janith,Bachnic,0096 Rutledge Alley,Sandaogou,86-(489)255-8188,24590.37,nullam
615,Way,Bissiker,312 Darwin Court,Sirghāyā,963-(777)530-6832,90995.6,etiam
616,Shirlene,Haythornthwaite,38 Nancy Trail,Sylvan Lake,1-(467)614-7291,32583.74,enim
617,Emery,Addekin,2 Glendale Point,Parenggan,62-(242)329-4184,83012.36,donec
618,Chiarra,Crozier,151 Pearson Court,Brovary,380-(688)846-8182,79632.52,leo
619,Joice,Checkley,7 4th Terrace,Pak Phayun,66-(377)521-6327,96851.14,odio
620,Seamus,Gregoli,78634 Eagle Crest Parkway,Yelizavetinskoye,7-(281)578-8577,15884.72,quam
621,Arty,Innerstone,6 Ludington Terrace,Campos Novos,55-(792)226-9266,45479.24,luctus
622,Vita,Kegley,3455 School Trail,Schirmeck,33-(603)106-4672,25739.87,suscipit
623,Lawrence,Borkett,79175 Melvin Place,Marneuli,995-(481)471-1098,27712.29,consectetuer
624,Bat,Purdie,40469 Surrey Place,Fómeque,57-(459)270-1086,38773.9,ultrices
625,Gussy,Brayson,0805 Lakewood Place,Manouba,216-(981)259-4777,22286.19,felis
626,Brinna,Brenneke,64 Eagle Crest Parkway,Berëzovka,7-(242)161-2160,89381.88,quisque
627,Marjy,Worviell,50 Superior Terrace,Haramgai,86-(664)874-1692,29411.61,lacinia
628,Jamima,Brothwood,24881 Everett Court,Useldange,352-(156)318-6419,55596.44,nisi
629,Benedikt,D'Avaux,40 Banding Crossing,Koa,62-(352)718-3408,92951.51,accumsan
630,Worden,Diaper,33 Aberg Avenue,Cikuda,62-(188)210-7654,63441.46,porta
631,Ulrika,Peltzer,8 Hagan Center,Piquillín,54-(297)428-6528,46236.8,duis
632,Sharron,Jovicic,7 Hoffman Way,Khánh Hải,84-(247)776-8975,3673.43,in
633,Carlin,Dockreay,41 Hermina Place,Yelabuga,7-(556)105-3299,2109.67,sapien
634,Enrichetta,O'Moylan,9896 Raven Alley,Mayo,66-(174)701-3749,70415.24,amet
635,Dionysus,Heinecke,22157 Reindahl Trail,Líbeznice,420-(696)160-2752,46798.33,accumsan
636,Roseanna,Gilbank,94 Daystar Lane,Huomachong,86-(328)120-4909,94903.18,vulputate
637,Orly,Parlett,48 Logan Center,Zbůch,420-(365)409-5563,10631.15,luctus
638,Moishe,de Mullett,2 Swallow Alley,Tuchola,48-(804)279-6617,46387.0,quam
639,Heath,Yashnov,0403 Hooker Center,Baiyang,86-(210)153-4128,29923.98,pellentesque
640,Dominick,Sherborn,03438 Glendale Court,Shuangshipu,86-(743)926-3926,72517.41,lacus
641,Heriberto,Kupec,422 Scott Drive,Xuguang,86-(430)479-9685,38966.07,vel
642,Lucian,Breming,01 Mallard Court,Kiritsy,7-(188)633-8174,63591.08,nisl
643,Emelia,Segeswoeth,0 Park Meadow Terrace,Tumpakkepuh,62-(575)818-5490,97398.21,augue
644,Juanita,Bartalot,8 John Wall Crossing,Wangcungang,86-(314)215-6011,80803.72,cursus
645,Zonda,Goodbourn,46099 Jenna Drive,Zhaitou,86-(968)184-7640,73978.99,tristique
646,Adolph,Rosthorn,238 Jay Park,Sosándra,30-(604)881-8926,3720.55,etiam
647,Lilia,Gahan,3 Dahle Parkway,Kolonowskie,48-(457)145-2682,52360.31,urna
648,Joye,Pimlock,75 Blue Bill Park Place,Ristinummi,358-(372)960-4004,56172.44,pede
649,Krissy,Voce,521 Atwood Hill,Cikaso,62-(236)381-1186,80048.72,lacinia
650,Amie,Ledgeway,579 Roxbury Avenue,Alvalade,351-(994)317-7113,70629.19,sapien
651,Katheryn,Labin,02 Superior Point,Isnos,57-(946)654-2808,33779.73,vestibulum
652,Anett,Ebertz,19905 Scott Street,Montes Claros,55-(836)305-2304,49352.5,in
653,Annissa,Rawlinson,91 Bay Alley,Krajanbonjor,62-(831)597-4920,83972.26,platea
654,Mitchael,Siney,0683 Bobwhite Plaza,Abū Sunbul,20-(724)737-3903,85488.03,turpis
655,Jaimie,Fitchew,7 Macpherson Parkway,Matala,63-(312)211-7163,4243.92,odio
656,Claudetta,Lawerence,04334 Randy Trail,Okiot,63-(564)959-9002,49978.45,amet
657,Kellsie,Barton,954 Jana Plaza,Vila Maior,351-(492)320-1070,47425.91,erat
658,Sherwin,Spicer,7929 Eagan Parkway,Atamanovka,7-(509)168-2839,71733.8,ante
659,Lyndy,Sandeford,03 Rockefeller Road,Iwaki,81-(289)852-9421,91796.89,proin
660,Deborah,Matchitt,14 Nancy Lane,Horní Bečva,420-(472)488-2409,6121.71,vestibulum
661,Paule,Maingot,06587 Schlimgen Hill,Ribeiro,351-(620)891-1439,95388.08,consequat
662,Wye,Buckberry,0535 Thackeray Avenue,Xiema,86-(162)638-6122,30467.83,imperdiet
663,Glynis,McCuaig,3083 Westridge Crossing,Xinmatou,86-(901)461-2037,50280.23,primis
664,Sadye,Hargerie,4 Iowa Court,Tempaling,62-(964)663-3254,4259.1,dis
665,Rianon,Wykey,249 Spenser Point,Liushutun,86-(415)440-3523,29916.76,erat
666,Oby,Rush,97 Northwestern Terrace,Capitán Sarmiento,54-(569)505-2034,14922.59,tortor
667,Hoyt,Fehner,91111 Nova Street,Siao,66-(325)158-6200,24349.21,non
668,Adrian,Pancoast,7408 Lawn Road,Leonidovo,7-(368)949-3832,30129.04,nam
669,Randolph,Lechmere,63953 Forest Dale Point,Mendi,675-(123)126-4530,91882.64,molestie
670,Chastity,Vazquez,104 Pawling Trail,Anseong,82-(825)399-9242,3373.33,rhoncus
671,Eberto,Westhofer,73 Toban Trail,Biñan,63-(954)828-9404,18695.0,et
672,Jonah,Ratter,49786 Logan Court,Nice,33-(418)624-5675,20923.44,id
673,Kenneth,Prinnett,004 Reinke Street,Ngurensiti,62-(209)161-2029,20122.66,ipsum
674,Johnette,MacAdam,2 Hooker Crossing,Santana,55-(303)513-0429,84416.57,etiam
675,Sonni,Markovic,3356 Gerald Street,Padang,62-(519)820-9957,77746.08,aliquam
676,Bryant,Sandry,73 Mccormick Alley,Taclobo,63-(281)415-1295,85176.52,nisl
677,Loutitia,Bines,37144 Packers Pass,Chengxi,86-(382)203-7990,30740.73,eleifend
678,Augustus,Pattlel,00 Kropf Hill,Duozhu,86-(892)246-7574,30319.22,in
679,Barnett,Rhodef,903 Veith Pass,Zhaobaoshan,86-(320)776-3825,55941.6,tortor
680,Syd,Lloyd,596 Stephen Drive,Vilya,7-(918)421-4754,25283.64,ut
681,Anjanette,Lucius,3 Stephen Terrace,Magok,62-(914)507-4477,66834.06,amet
682,Sande,Durno,11009 Southridge Court,Đưc Trọng,84-(676)484-8751,21618.74,at
683,Davine,Cock,7 Hansons Way,Fort Smith,1-(638)806-2131,22497.68,pede
684,Ricard,Saggers,26 Forest Run Place,Mostek,420-(899)328-4644,27387.76,ultricies
685,Rhianna,Jatczak,3505 Loftsgordon Circle,Honolulu,1-(808)940-7696,74294.94,nec
686,Jacquelyn,Casiero,241 Buena Vista Hill,Mojoagung,62-(675)234-0810,962.92,vel
687,Berna,Sidden,13450 Golf Course Place,Bibinje,385-(393)728-8548,70337.84,sed
688,Tyson,Pearde,01292 Bluestem Point,Xin’an,86-(386)652-9760,37371.3,porttitor
689,Haze,Coil,50119 Sloan Center,Ordzhonikidzevskiy,7-(515)179-6776,47716.69,hac
690,Chrystal,Winning,79 Manitowish Crossing,Skaryszew,48-(759)706-1381,83496.62,dolor
691,Binni,Karolewski,8 Reindahl Parkway,Timbulsari,62-(348)254-6907,28573.09,in
692,Lammond,Bicheno,2786 Dayton Street,Nîmes,33-(172)694-0078,30410.95,lobortis
693,Orrin,Tax,54 Petterle Avenue,Repki,48-(648)634-1001,65621.72,eu
694,Amelia,Josephs,66 East Circle,Uozu,81-(408)808-1913,63587.19,erat
695,Giana,Moreton,1500 Kenwood Terrace,Gaotang,86-(211)656-1484,22430.89,libero
696,Jillayne,Verissimo,27218 Warbler Street,Bandar-e Torkaman,98-(957)711-9167,67480.17,lacus
697,Mirna,Davydychev,1538 Morning Pass,Kebonjaya,62-(690)260-3448,61943.58,enim
698,Rhea,Lomen,77613 Glacier Hill Park,Cáchira,57-(575)417-2983,35852.87,accumsan
699,Jania,Kleinerman,24504 4th Drive,Luau,244-(416)748-1893,25642.68,vitae
700,Nanice,Diche,73280 Ilene Way,Gabaldon,63-(774)946-5702,99799.54,hac
701,Nicoli,Greaser,96037 Florence Point,Saint-Brieuc,33-(816)202-5030,4254.0,dui
702,Daniela,Bruneau,156 Cascade Way,Drien Rampak,62-(403)289-0240,8992.66,habitasse
703,Aksel,Hatt,1160 Bonner Alley,Paris 08,33-(219)597-6726,5536.46,quam
704,Rinaldo,Stansby,61353 Artisan Street,Masons Bay,1-(355)937-0377,58892.32,cum
705,Wynny,Hebron,745 Clyde Gallagher Circle,Montevista,63-(270)724-5763,83668.05,eu
706,Verla,McKeaveney,42705 Russell Point,Trinity,1-(933)300-5519,84554.79,sollicitudin
707,Aile,Maffetti,596 Union Alley,Cao Thượng,84-(440)650-9305,86223.93,mi
708,Gerek,Lawman,8571 Manitowish Street,Xinjiebu,86-(309)420-6161,95696.35,massa
709,Jacquelin,Cordner,07345 Prairie Rose Crossing,Wincrange,352-(252)249-6043,75672.71,morbi
710,Anders,Defew,36 Saint Paul Alley,Kilifarevo,359-(594)352-4068,87831.8,enim
711,Giacopo,Marritt,71824 5th Way,Huayan,86-(771)569-0535,99178.5,ac
712,Cristy,Eplate,08115 Oxford Point,Boulaouane,212-(498)650-5112,18809.77,sed
713,Andrea,McKendry,29 Mcbride Alley,Eloúnda,30-(913)812-9253,96748.89,eros
714,Neale,Unwins,1599 Center Way,Лабуништа,389-(737)267-8069,44715.59,varius
715,Minnnie,Quig,2 Texas Court,Liangli,86-(122)923-6672,34720.62,urna
716,Emanuel,Lemmen,6 Gerald Point,Mayskiy,7-(552)657-0789,66281.48,sollicitudin
717,Johnny,McCowen,7552 Parkside Terrace,Duifang,86-(519)817-3261,72193.5,neque
718,Hayyim,Dight,6936 Miller Terrace,Salaya,66-(272)772-9115,83965.85,faucibus
719,Thom,Espin,2078 Northland Alley,Miętne,48-(236)686-7051,97018.26,nibh
720,Bee,Seaborn,4 Delladonna Avenue,Caxias,55-(619)176-2618,45658.38,enim
721,Justino,Arundel,07 Kingsford Plaza,Jos,234-(192)802-8557,72008.42,ultrices
722,Briano,Bohin,261 Little Fleur Way,Novaya Mayna,7-(815)504-4398,66374.48,quam
723,Gigi,MacKean,1 Lake View Hill,Rybnoye,7-(525)470-4031,62134.97,vel
724,Gianina,Popworth,4958 International Place,Kil’mez’,7-(545)658-7575,22777.71,purus
725,Betsey,Clemmensen,7971 New Castle Park,Yukhnov,7-(962)102-8345,31746.65,eu
726,West,Flohard,4 Fordem Drive,Boluo,86-(883)815-1023,54424.95,ut
727,Lion,Roxbee,5 Sycamore Road,Kubachi,7-(612)625-8384,82826.15,sapien
728,Viviana,Kneel,15695 2nd Park,Llorente,63-(235)856-7486,62993.87,nulla
729,Butch,Gonzalo,3 Tennessee Center,Donghu,86-(214)975-4095,50388.01,nulla
730,Darius,Quan,43297 Dwight Plaza,Fonte,351-(239)469-0478,20573.85,quis
731,Lou,Flooks,8 Luster Terrace,Renfengzhuang,86-(373)814-9576,95032.81,vel
732,Avictor,Eite,8 Jay Trail,Akhtarīn,963-(652)171-5894,16553.17,mus
733,Casi,Holstein,8 Dayton Alley,Barajalan,62-(208)669-0784,94370.02,tincidunt
734,Yancey,Licciardo,67853 Butterfield Center,Bouca,236-(969)795-6075,67425.28,ridiculus
735,Christin,Rann,11 Brickson Park Junction,Augustów,48-(705)817-7882,99889.16,sapien
736,Philis,Kinlock,04324 Forster Court,Esmeraldas,593-(282)736-1714,26168.16,duis
737,Bettye,Lascelles,701 Dovetail Pass,Rechka,380-(233)472-3627,30073.73,malesuada
738,Mozelle,Raynard,4 Morrow Junction,Montes Velhos,351-(624)435-7548,57605.15,interdum
739,Cherish,Pelchat,87795 Eagan Trail,Massakory,235-(277)924-5322,70230.29,vitae
740,Sidney,Waberer,3197 Main Terrace,Citeureup,62-(159)232-9691,30654.32,metus
741,L;urette,Greengrass,6437 Mitchell Hill,Gitega,257-(750)889-5391,9508.02,faucibus
742,Vivianne,Feake,123 Derek Trail,Falkenberg,46-(637)607-8475,65846.69,semper
743,Kori,Shipston,4 Fairview Junction,Dumlan,63-(795)326-1060,73289.18,at
744,Joyous,MacGorrie,9 Meadow Ridge Park,Líbano,57-(345)599-3607,44821.82,blandit
745,Cordelia,Lambard,4123 Fordem Court,Bijelo Polje,382-(474)967-6024,85645.18,rhoncus
746,Donalt,Botting,8003 Victoria Park,Kabīrwāla,92-(752)863-9205,43925.93,vestibulum
747,Mart,Mozzini,324 Northfield Place,Alençon,33-(419)838-4369,56701.67,dictumst
748,Darda,Duny,18 Mcbride Street,Kramfors,46-(491)147-4248,86049.61,egestas
749,Minna,Tousey,8 Nancy Center,Stare Pole,48-(947)795-9429,84765.98,blandit
750,Zackariah,Turville,151 Bowman Way,Olympia,1-(360)834-1438,8902.71,eu
751,Willi,Gierek,152 Service Trail,Cibunar,62-(461)423-2135,20750.97,natoque
752,Rebekah,Balbeck,283 Grim Way,Pereslavl’-Zalesskiy,7-(610)467-2845,61717.57,quam
753,Ruben,Roxbrough,0244 Del Mar Street,Chişinău,373-(726)603-5794,94162.0,imperdiet
754,Rori,Szymon,86 Del Mar Avenue,Ciparakan,62-(797)669-8350,48310.62,lobortis
755,Annabela,Forshaw,8650 Mifflin Way,Jetak,62-(331)134-2319,84359.14,at
756,Andris,McCurley,6 Stang Park,Bebedouro,55-(863)941-2865,56355.12,ante
757,Saleem,Lowndsborough,9 Boyd Alley,Madang,675-(961)703-1189,2387.15,enim
758,Roderigo,Clement,417 School Parkway,Pickering,1-(252)415-4873,23330.57,dapibus
759,Skipp,Aldcorn,02 Cardinal Point,Lurugan,63-(845)367-1430,17103.12,quisque
760,Avis,Huygen,8565 Village Green Street,Mutatá,57-(502)240-9209,70669.98,molestie
761,Patten,Stripling,68054 Claremont Terrace,Gongchenqiao,86-(220)420-2998,17286.08,suspendisse
762,Hephzibah,Daughton,32808 Petterle Hill,Gjoa Haven,1-(130)842-8756,76448.87,lectus
763,Olimpia,Keelinge,592 Swallow Court,Bauchi,234-(452)478-4538,80854.44,suspendisse
764,Leonora,Lamberteschi,049 Summer Ridge Park,Vysotskoye,7-(698)634-2283,3127.66,tortor
765,Rahel,Gerretsen,93 Transport Drive,Marseille,33-(973)693-0693,28126.99,nibh
766,Jolyn,Schild,36146 Village Green Avenue,Chicago,1-(312)273-1476,22636.6,enim
767,Margot,Guerin,71 Dawn Plaza,Wangpu,86-(650)574-9903,28682.78,amet
768,Josselyn,Rentilll,449 Bonner Junction,Wabana,1-(313)550-0821,70373.83,ultrices
769,Davy,Piggens,94 Heffernan Drive,Huangbao,86-(610)312-5146,63319.96,diam
770,Derward,Pawling,32 Blaine Hill,Al Mazra‘ah ash Sharqīyah,970-(233)752-1302,92669.7,id
771,Field,Rushworth,75 Caliangt Point,Billdal,46-(380)800-4022,95904.42,mauris
772,Niall,Becker,043 Westridge Avenue,Neglasari,62-(199)564-3103,39187.52,neque
773,La verne,Reville,34780 Sunfield Alley,Lau,234-(681)921-0513,17697.09,sit
774,Dav,Hardbattle,79 Buhler Place,Krajan,62-(173)378-9452,37561.12,velit
775,Courtnay,Corbett,89 Tomscot Circle,Davao,63-(351)821-1653,43168.63,bibendum
776,Mildrid,Dobbing,25 Service Terrace,Popovo,7-(223)651-8534,51597.68,posuere
777,Archy,Rivers,875 Boyd Plaza,San Juan del Surutú,591-(169)931-4160,40228.42,dictumst
778,Niall,Kirckman,3597 Straubel Plaza,Rožmitál pod Třemšínem,420-(513)660-2756,30407.83,cursus
779,Bartholemy,Pleat,14 Dawn Junction,Chelopech,359-(235)370-2734,54417.15,lacus
780,Rahal,Oke,145 Grasskamp Circle,Nanga Eboko,237-(840)646-1500,19332.05,nulla
781,Lilith,Hazle,53 5th Street,Wojaszówka,48-(664)198-4228,41819.2,hendrerit
782,Marla,MacRory,39 Mayfield Crossing,Clearwater,1-(305)843-2823,87842.59,vel
783,Teodoro,Fenlon,83895 Lighthouse Bay Road,Wujing,86-(624)175-7385,23071.76,nulla
784,Mady,Batman,41410 Brentwood Pass,Badou,228-(769)362-5870,33241.92,sodales
785,Tye,Brockie,612 Southridge Way,Prigrevica,381-(281)185-1121,87998.72,suspendisse
786,Christan,Hunstone,4 Lake View Street,Revolucion,52-(797)245-9105,64371.37,penatibus
787,Aubree,Rigden,33 Autumn Leaf Road,Quipot,63-(991)473-2960,91927.56,ut
788,Albertine,Evenden,71 Dayton Center,Áno Kastrítsion,30-(824)451-9387,43626.28,nulla
789,Guillema,Anand,66 Washington Road,Armenta,504-(485)927-1547,52665.05,varius
790,Gilly,Nussey,8734 Packers Point,Krasnyy Gulyay,7-(424)812-5873,54885.86,vel
791,Brear,Duchesne,03360 1st Court,Longyearbyen,47-(963)795-0223,20812.42,diam
792,Bentley,Jarley,323 Browning Plaza,Khorosheve,380-(130)995-9179,14098.67,a
793,Kelcy,Melluish,7074 Birchwood Alley,Grubišno Polje,385-(315)209-0755,77332.27,at
794,Sholom,Castellini,1627 Coolidge Crossing,Lekaj,355-(645)529-8875,49481.97,aliquam
795,Ripley,Lorans,47 Summerview Crossing,Kosava,375-(635)673-2064,38128.3,tortor
796,Claudette,Flux,9 Lerdahl Plaza,Biru,86-(640)634-3058,27816.54,lorem
797,Gwenni,Bartholin,2 Vermont Crossing,Fayaoué,687-(771)367-4051,26654.71,neque
798,Mattie,Walwood,3 Mcguire Trail,Bulgan,976-(572)412-9549,52279.23,eu
799,Mack,Duetsche,37241 Ridgeway Lane,Jeffersonville,1-(812)725-7558,75227.16,neque
800,Ulric,Winston,3 Towne Place,Gadžin Han,381-(804)133-3712,94908.55,congue
801,Cherlyn,Yosselevitch,4332 Dahle Place,Oktyabr’sk,7-(642)516-0351,86286.95,lacus
802,Rich,Defond,21369 Eastlawn Alley,Frederiksberg,45-(208)226-4569,63528.09,id
803,Matelda,Snell,25236 Sage Junction,Paris 04,33-(739)471-5689,62926.65,sapien
804,Caesar,Lanphier,64558 Spaight Crossing,Risaralda,57-(430)590-9152,88803.36,nec
805,Arty,Soloway,6 Glacier Hill Center,Göteborg,46-(713)764-1118,30208.55,facilisi
806,Brinn,Temby,5635 Upham Lane,Nyköping,46-(676)254-1980,19981.01,justo
807,Delphinia,Tison,6639 Ronald Regan Terrace,Vila Franca de Xira,351-(240)872-5423,94075.68,lacus
808,Esta,Chazier,4069 Dottie Circle,Ugbokpo,234-(148)543-9086,88942.4,phasellus
809,Karoline,Probbin,8972 Butternut Drive,Lanuza,63-(646)414-2925,19485.75,mauris
810,Ancell,Teodoro,58805 Debra Drive,Bromma,46-(915)525-6100,20.41,nisl
811,Leoline,Saddler,41 Graedel Road,Chongmin,86-(104)886-3086,25484.71,maecenas
812,Maria,Roullier,2 Westridge Court,Cipari,62-(582)205-1728,71338.76,viverra
813,Matti,Rochewell,8901 Chive Lane,Kalidung,62-(709)914-5782,3990.53,massa
814,Johannah,Zannolli,441 Melvin Trail,Sollefteå,46-(429)122-1389,68502.76,vivamus
815,Marshall,Jaffrey,0 Anderson Road,Sailaitang,86-(205)226-4652,77218.16,facilisi
816,Lazare,Cayser,5 Del Mar Center,Kanigorokrajan,62-(608)797-7105,39868.5,amet
817,Trescha,Schoolfield,3 Morning Lane,Koror,680-(617)465-3698,17565.47,morbi
818,Torrin,Pike,226 Macpherson Point,Taozixi,86-(262)320-3668,56048.56,iaculis
819,Devland,Deboick,02107 Shasta Point,Sopo,62-(146)716-0322,3200.67,non
820,Nataniel,Flynn,32 Troy Park,Kanshi,86-(814)917-7783,80752.53,nullam
821,Maurizia,Harriskine,1 Forster Circle,Orhon,976-(350)894-3919,21909.4,in
822,Pattie,Drewe,20010 Cascade Pass,San José de Bocay,505-(819)525-6165,3455.51,mauris
823,Kerri,Snape,7109 Myrtle Street,Olleros,51-(336)782-5511,69769.39,dui
824,Christal,Ibarra,962 Warbler Trail,Maubeuge,33-(263)696-3100,9588.94,ut
825,Archie,Frame,24 Troy Way,Awilega,62-(830)262-4884,57806.29,nisl
826,Wilden,Collecott,6 Superior Drive,Marseille,33-(685)985-4281,76390.34,vestibulum
827,Breena,MacPhaden,5748 Monterey Center,Báguanos,53-(671)174-9541,21982.07,in
828,Madelle,O'Garmen,49339 Bluejay Circle,Clichy,33-(249)891-3635,58267.04,in
829,Adey,MacGibbon,27473 Sage Terrace,Pemex,52-(747)258-1344,99607.18,cras
830,Sayer,Tincey,799 Steensland Pass,Qingshan,86-(959)997-6794,76859.03,tristique
831,Granthem,Gavey,52 Lake View Court,Talaibon,63-(737)627-8031,46709.69,tristique
832,Alene,Bretherton,606 Linden Circle,Quchi,86-(556)311-5381,58800.32,massa
833,Georgianna,Moulding,14912 Bultman Alley,Nanggewer,62-(203)242-1043,79988.9,consectetuer
834,Elwin,Oppie,709 Katie Lane,Daqiao,86-(379)922-1942,97155.02,nam
835,Timmie,Scothron,10003 Blaine Parkway,Täby,46-(302)921-2189,91215.4,sed
836,Somerset,Morey,8817 Upham Trail,Sukarama,62-(237)727-6483,62919.99,tincidunt
837,Carol,Feldbrin,817 Spenser Plaza,Quinta da Torre,351-(907)158-4721,74587.7,posuere
838,Glyn,Baudoux,7277 American Ash Terrace,Biñan,63-(849)135-4459,96610.14,amet
839,Ximenez,Scoon,0181 Village Court,Dalo,62-(564)553-8915,65076.15,non
840,Elita,Onele,08852 Brentwood Court,Voskhod,380-(528)234-3789,45308.53,arcu
841,Dill,Gamon,95 Oneill Avenue,Benito Juarez,52-(792)677-7200,39601.53,sociis
842,Christy,Hakewell,86 Pennsylvania Circle,Solsona,63-(706)984-6406,38297.33,diam
843,Adeline,Forri,34202 Derek Way,Oskarshamn,46-(623)106-2598,44423.38,donec
844,Staffard,Medeway,37802 2nd Road,Stenungsund,46-(331)606-7231,27452.03,sit
845,Athene,Malthus,950 Forster Park,Kilinochchi,94-(175)661-9578,51473.78,rutrum
846,Lemmy,Scherer,5 Daystar Avenue,Puerto Bello,63-(375)497-2043,6374.61,sem
847,Brad,Mayger,07449 Brentwood Crossing,Duri,62-(850)315-5296,36626.85,rhoncus
848,Willie,Bassett,85040 Dottie Pass,Kōchi-shi,81-(179)918-0267,21240.53,eu
849,Jerri,Cliffe,5 Mayer Lane,Pamotan,62-(382)980-6838,5482.35,mauris
850,Shannen,Tregien,15 Sauthoff Place,Shizuoka-shi,81-(970)205-6161,80497.29,lorem
851,Esma,Brokenshire,6 Crescent Oaks Place,Sukaraja,62-(764)394-0871,8820.27,dolor
852,Nessa,Curtain,12670 Hoepker Road,Karanganyar,62-(206)301-4443,90718.6,ultrices
853,Benjamen,Polhill,11 Clove Road,Lagasit,63-(641)699-4397,70312.52,arcu
854,Cello,Rugge,55797 Corben Drive,Wilkes Barre,1-(570)477-4688,80481.54,amet
855,Madella,Killingbeck,9269 Heffernan Court,Melgar,57-(350)418-1573,58736.57,orci
856,Delainey,Yushkin,6 Veith Street,Mojocoya,591-(409)416-2627,96754.25,in
857,Pia,Kaesmans,13 Milwaukee Center,Murici,55-(428)502-1101,27003.69,quam
858,Dorise,Ivetts,53 Manitowish Hill,Cambé,55-(775)427-2199,98306.86,placerat
859,Harbert,Gowing,804 Welch Way,Tivat,382-(574)316-2689,63854.58,sollicitudin
860,Maynord,Maylin,297 Westend Avenue,Pruszków,48-(951)547-8073,92307.43,vulputate
861,Dorene,Bendell,25 Hansons Circle,Lirang,86-(700)588-6736,55782.46,eu
862,Caritta,Castellaccio,34317 Westridge Avenue,Bapska,385-(338)361-8698,81795.82,orci
863,Abramo,Kelwick,1 Anderson Way,Araxá,55-(259)975-3719,17752.57,ut
864,Sheridan,Secrett,2035 Arkansas Trail,Shpola,380-(718)200-5023,23480.23,nulla
865,Tilda,Strover,12526 Twin Pines Alley,Néa Ankhíalos,30-(733)463-4805,33930.13,ac
866,Melisent,Philott,4 Fairview Plaza,Villeurbanne,33-(316)210-3097,53537.99,morbi
867,Carmelia,Celand,1032 Debs Place,Vila Maior,351-(974)715-6594,97090.68,nulla
868,Clerkclaude,McCuish,330 Sundown Point,Marília,55-(465)671-1363,57543.18,eros
869,Alana,Bodd,2 Hudson Pass,Vitry-le-François,33-(808)253-6350,69451.95,sed
870,Alverta,McGahey,27639 Emmet Park,Jawa,62-(481)574-3192,58189.73,consequat
871,Lenka,Simester,58648 Chinook Avenue,Xinkaikou,86-(910)666-3473,5510.48,curae
872,Stephan,Pople,1678 Erie Hill,Miaoqian,86-(298)208-9722,63840.78,vestibulum
873,Perrine,Lacase,11 Maple Wood Park,Riangbao,62-(623)257-8115,51544.75,phasellus
874,Shela,Waiting,1121 Fieldstone Trail,Tonggu,86-(480)888-9019,45625.58,nisi
875,Binnie,Thys,2 Duke Road,Al Mukallā,967-(853)981-3608,33190.06,eget
876,Patrizio,Farrans,8 Leroy Plaza,Nipawin,1-(706)308-6129,84539.63,ipsum
877,Corabelle,Streatfield,3631 Meadow Valley Drive,Hongqi,86-(706)539-6205,69278.87,elementum
878,Hayyim,Rawne,97678 Forest Drive,Mīzan Teferī,251-(802)452-6832,78657.27,ut
879,Tracey,Cockin,3 Commercial Hill,Wenchun,86-(840)389-6754,19180.57,sapien
880,Germayne,Hamly,57 Dovetail Drive,Maqbanah,967-(634)340-7776,86760.6,felis
881,Sapphire,Delicate,814 Melrose Terrace,Pégeia,357-(589)330-1071,4295.71,non
882,Netty,Huey,6 Oxford Court,Fatubia,62-(794)206-1811,69257.25,lacinia
883,Cesaro,Salmoni,541 Mandrake Lane,Kobe,81-(427)100-5317,58190.66,leo
884,Rosina,Raoult,9741 Westport Way,El Monte,56-(437)703-5641,58625.37,nisl
885,Shalom,Meade,0 Main Place,Astana,7-(731)201-6602,88286.14,libero
886,Weider,Picheford,17 Hudson Trail,Sujiazhuang,86-(375)286-5902,5666.18,gravida
887,Cody,Grzegorzewski,9 Bluestem Way,Niafunké,223-(756)965-3686,67656.34,in
888,Niccolo,Gautrey,94 Buell Alley,Qitai,86-(820)973-3981,21180.42,proin
889,Valentino,Pantry,9278 Ramsey Point,Portumna,353-(482)701-9994,75390.8,ut
890,Sashenka,Jory,5 Westerfield Pass,Shu,7-(350)690-0082,98602.05,tristique
891,Rufe,Taberer,5 Dryden Junction,Kičevo,389-(940)132-4010,96497.63,euismod
892,Darbee,Gallehock,5 Northwestern Street,Cergy-Pontoise,33-(202)801-0580,14217.84,faucibus
893,Kathy,Kalinke,90242 Pine View Park,Paris 11,33-(893)609-5145,1757.22,non
894,Brittan,Trawin,11 Hoard Circle,Gambang,60-(246)694-9285,58158.92,nullam
895,Taber,Lehrle,0 Homewood Alley,Valence,33-(417)587-3436,59926.52,odio
896,Phillis,Spitell,083 Buhler Lane,Cahuac,51-(574)287-9444,49417.59,id
897,Panchito,Yeowell,92 Harbort Pass,Dainan,86-(958)324-9135,95012.5,vel
898,Gaultiero,Puxley,2198 Petterle Drive,Sanchang,86-(147)870-9227,72118.92,eget
899,Edsel,Paddeley,6986 Huxley Parkway,Yunyan,86-(330)863-0199,42872.3,ut
900,Alleen,Simmers,8089 Beilfuss Lane,Cilentung,62-(729)577-6133,78738.44,congue
901,Carlina,Chesterton,42227 5th Circle,Yuhuangding,86-(701)682-8621,18804.5,amet
902,Clementius,Juppe,66108 Tomscot Street,Mustvee,372-(668)793-0573,10083.57,primis
903,Collete,Dyke,69 Sachtjen Way,Sáchica,57-(949)174-7201,28878.37,lacus
904,Wylma,Innot,12492 Kings Plaza,Santa Ignacia,63-(767)551-3132,72673.37,at
905,Mickey,Lakeman,91385 Claremont Avenue,Santo Antônio do Amparo,55-(917)890-1263,89298.11,adipiscing
906,Marlin,Tallowin,4 Paget Avenue,Yunmeng Chengguanzhen,86-(785)294-2175,89115.33,ipsum
907,Tremaine,Gonzalvo,73 Warbler Trail,Krajan Waturoyo,62-(715)722-4744,86753.5,vulputate
908,Ashlan,Seyers,1836 Hauk Plaza,Denyshi,380-(450)622-3774,63375.86,metus
909,Alejandrina,Cole,964 Steensland Plaza,Světlá nad Sázavou,420-(403)255-2851,69920.62,tristique
910,Daniel,Lindborg,877 Crescent Oaks Way,Ivano-Frankove,380-(589)826-3838,62369.13,platea
911,Garrik,Lindroos,2 Karstens Avenue,Gościeradów,48-(851)562-9786,59608.0,quam
912,Shandee,Allans,13 Muir Drive,Skutskär,46-(365)740-4414,40440.11,nibh
913,Marcelle,McKimm,84029 Twin Pines Pass,Stratford,1-(493)266-3618,34265.62,sapien
914,Gearard,Raddish,555 Eggendart Road,Qümong,86-(400)478-7354,19745.44,vulputate
915,Leigha,Nussii,3972 Westport Place,Schifflange,352-(488)251-4424,50493.19,at
916,Verna,Backshell,663 Rockefeller Way,Itatiba,55-(933)101-5380,76613.21,sapien
917,Virgilio,Senescall,9 Forest Dale Crossing,Warren,1-(330)206-2542,73004.57,in
918,Hubey,Beardshaw,7826 Mitchell Trail,Kunmi Erdi,86-(219)217-5445,7586.17,habitasse
919,Yolane,Jakeman,9 Namekagon Trail,Safi,962-(410)639-3897,91769.21,neque
920,Skelly,Hobbema,20 Hanover Street,Santo Domingo Oeste,1-(181)437-8206,52661.97,lacinia
921,Dallis,Sturte,1 Carberry Junction,Mahates,57-(917)876-1798,34099.21,sapien
922,Tomaso,Bontein,5033 Westridge Plaza,Kedungharjo,62-(297)703-0539,40524.11,eget
923,Culver,Cearley,1 Transport Trail,Manyana,267-(182)902-7638,16597.61,et
924,Regen,Braunds,0 Lillian Park,Čoka,381-(492)119-1200,52978.44,posuere
925,Kylie,Duesberry,6 Chive Terrace,Kalmunai,94-(806)520-9834,42089.99,velit
926,Margret,Duval,1796 Northwestern Avenue,Blokdesa Situgede,62-(746)451-8644,80870.3,lacus
927,Antonin,Bangham,81927 Kim Point,Sulahan,62-(987)248-8673,49382.42,bibendum
928,Maggy,Hatfield,3 International Street,Ketampak,62-(846)139-8089,40433.89,interdum
929,Ellyn,Butfield,81 Hallows Place,Örnsköldsvik,46-(450)218-3618,26420.54,vehicula
930,Adolphe,Beamond,70 Canary Drive,Baisangguan,86-(902)959-2664,77063.08,diam
931,Meryl,Heining,0 Oak Valley Plaza,Huancheng,86-(177)914-0457,89500.27,vitae
932,Johann,Hanwright,9 Spaight Lane,Buga,976-(560)891-2038,27961.59,phasellus
933,Avictor,Huntress,34569 Moulton Drive,Fudian,86-(490)577-7624,99896.64,diam
934,Hortensia,Dolman,153 Fairfield Hill,Banshu,86-(508)182-2880,78789.99,ultrices
935,Elinore,Petre,3 Randy Hill,Carot,63-(798)242-8493,70402.72,curae
936,Leandra,Ahmad,68823 Coleman Pass,Pärnu,372-(527)698-0499,91036.58,ridiculus
937,Florence,Catonnet,51 Kropf Way,Tuqiao,86-(901)819-2323,16219.82,posuere
938,Ally,Curnokk,17170 Clemons Crossing,Shisui,81-(860)440-9811,92334.7,nisl
939,Lucy,Goldspink,7 Florence Alley,Örnsköldsvik,46-(455)379-2052,10141.36,ante
940,Benedicto,Pauling,381 Moland Way,Santyoku,82-(989)839-7713,56533.07,sagittis
941,Shirline,Sandiland,00764 Granby Court,Działdowo,48-(426)596-2605,79314.58,et
942,Ricky,Cleynman,03 Atwood Parkway,Nawābganj,880-(406)691-9901,46294.3,donec
943,Findley,Nozzolinii,7866 Haas Center,Båstad,46-(147)835-8150,92774.01,erat
944,Gilligan,Whorlow,04 Jackson Parkway,Topory,380-(376)501-7211,65689.13,sem
945,Diannne,Stockney,4 Ramsey Point,Acobambilla,51-(194)910-5840,18587.79,sit
946,Sophia,Thewless,09130 Glacier Hill Lane,Agalteca,504-(952)780-2020,47404.57,ut
947,Helge,Vokes,965 Kedzie Drive,Dunkerque,33-(278)128-9023,53708.05,tristique
948,Andy,Lye,2798 Nova Point,Cajazeiras,55-(301)277-7637,84701.17,sem
949,Matteo,Seman,5055 Fordem Trail,Pacar,62-(731)966-9635,22657.49,fermentum
950,Isidro,Hannaby,4 Lyons Court,Thị Trấn Yên Thế,84-(815)379-2270,48550.52,amet
951,Leonhard,Gynni,5 Heffernan Junction,Sapucaia,55-(615)924-4924,25016.15,eget
952,Bennie,Karlowicz,359 Fisk Hill,Kulaman,63-(328)785-7443,59868.35,quam
953,Rhys,Biggs,313 Mandrake Plaza,Tapel,63-(553)574-6145,52969.15,varius
954,Ilaire,Sincock,0 Express Way,Karangagung Timur,62-(527)936-5842,41877.15,dui
955,Jewel,Garretts,33 Fairview Drive,Pajé,269-(377)513-1357,50735.11,sit
956,Denny,Lennie,115 Redwing Drive,Góra Kalwaria,48-(667)249-4855,57124.95,ac
957,Gaby,Ponnsett,01 Old Gate Place,Bergen,47-(768)547-4306,76756.61,pulvinar
958,Polly,McCroary,2 Mosinee Parkway,Las Breñas,54-(669)895-7850,49980.31,tempus
959,Thurstan,Clewett,186 Shasta Center,Wudian,86-(414)242-9233,76274.44,tincidunt
960,Gigi,Pero,92545 Emmet Court,Hengliang,86-(333)641-9820,4485.02,odio
961,Chev,Gleadhell,27 Marquette Crossing,Okiot,63-(653)760-8950,3154.71,leo
962,Costa,Teacy,07202 Scoville Parkway,Chumpi,51-(179)515-1705,63159.99,quam
963,Winona,Brou,24096 Namekagon Parkway,San Jorge,54-(639)366-9799,20638.91,tristique
964,Starlene,Stonehouse,2 Westport Terrace,Buôn Ma Thuột,84-(954)326-6840,90823.3,convallis
965,Shelli,Kennington,19 Jenifer Way,Frankfurt am Main,49-(164)445-0256,19442.25,accumsan
966,Mimi,Saw,785 Forest Run Circle,Uppsala,46-(294)506-6284,31410.31,amet
967,Ottilie,Giorgini,02 Basil Terrace,Krasnokamsk,7-(296)936-7423,94817.05,euismod
968,Adrian,Danit,538 Gale Trail,Liuhou,86-(360)142-6308,60601.89,ac
969,Herbie,Luce,0 3rd Drive,Jawand,93-(873)725-4553,27987.09,sit
970,Dalston,Gabbatiss,00 Saint Paul Lane,Praia,238-(335)442-2595,15604.56,suspendisse
971,Stacey,Vasey,0 Dayton Terrace,Halmstad,46-(806)442-0219,30911.94,mattis
972,Minne,Shotter,5 Buena Vista Court,Savitaipale,358-(110)937-8723,47076.2,eu
973,Maurita,Stanbro,3181 Orin Road,Donja Dubica,387-(753)578-8067,3810.25,arcu
974,Marchall,Manjot,911 Oriole Street,Okaya,81-(423)719-0042,25587.03,placerat
975,Levon,Spuner,17896 Oneill Drive,Consuelo,63-(189)517-5677,32638.36,ipsum
976,Millie,Imlaw,622 Cottonwood Circle,Pljevlja,382-(156)518-5782,70830.44,nulla
977,Ingamar,Dods,6 Schmedeman Place,Sovetskoye,7-(302)146-7659,68703.26,risus
978,Ketti,Ithell,6 Warrior Plaza,Sukamulia,62-(905)761-1426,69578.34,aliquam
979,Filmore,Foggo,002 Canary Terrace,Halle,49-(435)503-9868,10407.93,erat
980,Julianna,Sinncock,3 Holy Cross Terrace,Kokas,62-(355)731-2394,29904.11,ut
981,Batsheva,Newlyn,2 Mandrake Hill,Vale da Pedra,351-(562)305-5573,33570.34,vitae
982,Albertine,Goulder,03 Anniversary Road,Bački Breg,381-(605)190-1668,42799.05,gravida
983,Garv,Knoles,0457 Lake View Center,Guli,86-(683)778-4697,28121.36,in
984,Frederico,Ives,4 Montana Place,Maojiagang,86-(162)290-4034,24816.91,purus
985,Farra,Wardlow,98 School Place,Ust’-Koksa,7-(317)244-9369,38565.46,duis
986,Roxie,Blood,26 Bunker Hill Crossing,Shyroke,380-(787)332-3151,16778.97,hac
987,Rubie,Bartlet,9 Village Green Hill,Huilongshan,86-(536)177-0913,78691.74,eu
988,Genny,Spurden,179 Shasta Park,Sosnówka,48-(174)782-9578,9616.38,donec
989,Hermy,Huish,2 Northland Terrace,Kościerzyna,48-(738)831-5382,72760.96,posuere
990,Billy,Merredy,8192 Hansons Way,Barda,994-(820)474-8863,68577.94,tortor
991,Peg,Flux,2 Vermont Place,Zamość,48-(656)743-3127,9136.06,odio
992,Hiram,Culpen,4281 Walton Park,Siteía,30-(926)283-1883,17792.4,primis
993,Guinevere,Oade,53 Haas Junction,Porto Ferreira,55-(250)580-3765,89479.54,ultrices
994,Sibelle,Freegard,3948 Acker Alley,Sanlian,86-(651)423-4648,66268.57,justo
995,Isabelle,Sayes,7 Kropf Court,Hengshan,86-(283)584-1060,73068.6,in
996,Reeta,Flippelli,23970 Thackeray Trail,Geneng Tengah,62-(590)609-2746,3999.09,lorem
997,Glynis,Baselli,023 Rowland Point,Mora,46-(936)728-1322,80157.76,morbi
998,Tally,Gofford,80221 Kedzie Park,Culianin,63-(348)113-9123,95914.6,nec
999,Fred,St. Leger,75 Killdeer Pass,Huangqiang,86-(175)966-3186,62639.82,maecenas
1000,Abbie,Abramsky,90 Northview Avenue,Phitsanulok,66-(192)540-1362,89457.75,suspendisse
