name,address,phone,bday,gender
Bonny,07324 Montana Way,41-(625)137-9314,1968-05-20 16:31:20,Female
Brianna,839 Onsgard Court,359-(623)793-6068,1964-03-23 14:32:24,Female
Shawna,520 Moose Avenue,970-(249)951-8657,1979-08-19 06:18:46,Female
Allin,6 Harbort Street,996-(945)197-3282,1971-10-28 05:29:53,Male
Ethelind,22 Dixon Point,63-(878)360-5280,1989-08-01 07:53:37,Female
Rhianna,0 Ramsey Hill,86-(858)285-9284,1986-04-20 11:34:09,Female
Julius,0271 Dahle Alley,86-(750)227-5599,1979-01-07 19:31:10,Male
Thorin,16748 Hansons Drive,351-(237)922-4231,1989-02-10 04:05:22,Male
Bondon,32760 Browning Crossing,1-(182)566-6482,1952-10-07 01:12:22,Male
Hortense,02000 Glacier Hill Parkway,62-(697)825-8605,2001-06-02 13:55:36,Female
Willy,869 Bartillon Plaza,7-(367)235-5972,2004-09-27 09:10:59,Male
Dunn,27 Crownhardt Circle,62-(370)196-0774,1964-08-31 18:56:35,Male
Mylo,08729 Paget Crossing,380-(636)202-0818,2004-01-08 16:39:36,Male
Kellia,1256 American Terrace,254-(824)749-8493,1992-07-11 14:12:26,Female
Reinhold,24 Fulton Alley,65-(859)351-8266,1953-09-04 09:40:27,Male
Dar,280 Norway Maple Crossing,52-(684)311-8999,1967-11-14 23:13:27,Male
Waldemar,1 Haas Center,242-(860)916-7147,1995-07-29 04:30:07,Male
Merrick,715 Bartelt Court,46-(980)817-5014,1994-09-03 06:08:35,Male
Nicky,5 Jenna Terrace,598-(160)637-5452,1998-03-12 03:09:37,Male
Bucky,7617 Cottonwood Crossing,58-(125)198-3239,1974-09-26 19:55:19,Male
Bary,975 Buena Vista Crossing,86-(885)902-4229,1971-09-02 19:25:31,Male
Susana,88176 Spohn Pass,972-(838)115-3370,1996-02-04 18:18:30,Female
Lynne,932 Graedel Parkway,86-(607)167-2462,1985-02-14 15:11:56,Female
Kesley,709 Prentice Trail,66-(149)611-3081,1967-05-21 13:01:59,Female
Brandtr,85758 Colorado Parkway,63-(926)960-3097,1968-05-01 16:08:04,Male
Adham,77748 Rigney Avenue,86-(506)839-5544,1964-07-09 03:45:44,Male
Neil,53484 Walton Alley,420-(783)261-0320,1969-03-16 08:58:54,Male
Mischa,3699 Farragut Avenue,86-(369)187-5035,1981-04-07 16:15:15,Male
Caril,55 Maywood Drive,86-(892)950-5422,1982-04-22 19:20:43,Female
Suki,2968 Browning Terrace,966-(244)917-6545,2008-10-29 18:21:41,Female
Andris,02 Algoma Way,232-(274)263-3587,1994-07-02 18:32:33,Male
Sigmund,2570 Northland Trail,86-(863)855-5059,1987-08-30 03:17:50,Male
Caddric,4587 Lakeland Way,7-(681)730-8241,1970-02-02 07:41:40,Male
Alejandro,66296 Union Street,33-(422)983-0798,1998-09-28 04:50:43,Male
Zara,569 Chinook Street,380-(656)892-9408,1958-06-09 11:50:54,Female
Gerome,41805 Brickson Park Place,62-(779)409-4170,2001-03-06 14:42:03,Male
Stella,3 Clove Street,62-(708)569-2721,1986-09-10 13:03:56,Female
Sophie,238 School Trail,86-(428)927-9535,1975-06-12 20:18:51,Female
Madalyn,046 Dryden Place,972-(651)624-7763,2005-02-20 14:29:12,Female
Elmore,53929 Cody Court,504-(532)174-5480,1955-08-06 10:15:34,Male
Ludovika,21367 Hintze Hill,86-(576)890-3198,1986-02-27 07:49:59,Female
Parsifal,17 Dottie Alley,380-(297)131-7088,1966-04-21 20:51:27,Male
Luisa,80419 Summerview Center,86-(554)722-0240,1968-07-27 17:24:43,Female
Clayborn,223 Anderson Park,86-(257)411-9168,1965-02-01 11:50:56,Male
Anatollo,9 Ryan Circle,86-(654)190-2422,1984-01-06 10:16:01,Male
Richard,00852 Main Junction,56-(584)605-4116,1991-02-19 05:11:39,Male
Herman,56643 Canary Lane,52-(904)799-4484,1962-06-02 20:32:15,Male
Lynnet,8012 Granby Alley,92-(969)348-4023,1986-11-04 11:26:22,Female
Shel,024 Oneill Trail,375-(823)871-8312,1998-12-17 05:46:21,Female
Flint,4 Kensington Plaza,86-(584)133-5614,1968-04-23 04:07:46,Male
Bobine,9842 Ronald Regan Park,51-(563)677-6739,1977-09-18 15:46:07,Female
Ford,0867 5th Court,63-(492)502-3822,1974-07-03 21:47:14,Male
Klement,26962 Independence Parkway,46-(601)327-7263,2006-10-29 16:09:38,Male
Patricio,34 Oak Valley Park,420-(897)328-2086,1978-06-03 23:24:33,Male
Huntley,53901 Golf View Crossing,51-(191)107-3807,1999-09-20 12:37:43,Male
Frasco,652 Twin Pines Plaza,351-(690)876-4384,1956-05-27 03:53:02,Male
Milo,87 Lunder Trail,62-(788)940-1978,1990-01-05 04:51:08,Male
Sheree,08 Lukken Place,86-(119)477-7551,1988-01-22 01:59:29,Female
Stormie,968 Upham Point,7-(874)827-7500,2004-04-26 23:35:05,Female
Benedicto,0 International Plaza,54-(904)846-8896,1992-02-26 13:03:08,Male
Melita,89 Northfield Lane,66-(272)462-4273,1950-04-04 02:58:14,Female
Cobbie,25 Golden Leaf Hill,86-(242)876-7187,1999-01-25 18:22:47,Male
Barnaby,8904 Granby Drive,359-(136)400-3554,2004-09-12 11:46:13,Male
Inger,03 1st Parkway,260-(745)521-5578,1998-06-22 04:46:44,Male
Gena,01052 7th Avenue,54-(192)178-9159,1952-09-21 14:14:50,Female
Clare,36946 Sutteridge Way,54-(710)142-7549,1968-10-29 08:58:20,Male
Phillis,5497 Hanson Pass,48-(673)960-6133,1951-06-07 20:06:22,Female
Laurens,2616 3rd Park,86-(670)603-9735,1975-11-26 16:24:47,Male
Tommy,763 7th Junction,355-(953)941-1259,1962-10-03 12:07:06,Female
Lizzy,644 Maple Lane,86-(136)623-0716,1956-05-27 05:36:01,Female
Simmonds,1415 Columbus Trail,380-(476)652-8998,1973-12-09 20:44:01,Male
Deane,04510 8th Trail,62-(947)106-9714,1983-11-16 17:30:32,Male
Horton,546 Merrick Junction,351-(949)263-9630,1991-04-26 12:05:42,Male
Doloritas,8577 Eagan Trail,63-(128)807-0183,2010-10-23 08:39:15,Female
Marc,54 Warrior Court,225-(536)749-9177,1971-10-08 06:12:52,Male
Rodd,597 Sachs Lane,420-(864)607-3044,1978-11-04 02:33:23,Male
Annecorinne,53 Farragut Terrace,504-(731)234-5714,1977-05-16 11:50:35,Female
Dynah,32322 Warner Drive,55-(839)462-3468,1958-01-23 06:42:31,Female
Deck,9992 Old Gate Terrace,34-(193)994-4336,1965-01-22 02:02:56,Male
Genvieve,195 Briar Crest Street,7-(712)908-4620,1957-04-29 17:32:39,Female
Enrica,33 Ilene Point,249-(778)390-5645,1962-07-28 06:08:55,Female
Brett,843 Lillian Road,86-(338)579-2674,2008-06-21 03:55:54,Female
Florri,16847 Clove Court,86-(291)314-2334,1970-07-07 14:35:24,Female
Norris,8 Schlimgen Road,48-(940)421-3526,2006-01-08 11:02:08,Male
Luelle,62570 Mandrake Terrace,54-(170)250-8910,2005-03-04 13:36:50,Female
Ellie,9245 Pankratz Park,57-(759)143-4335,1961-04-30 22:33:04,Female
Vanya,027 Meadow Vale Center,94-(121)187-9053,1994-08-22 10:10:16,Female
Eberto,7 Brentwood Way,62-(210)997-6210,2000-11-20 04:10:55,Male
Falito,8 Saint Paul Drive,1-(915)727-2704,1962-06-07 16:23:26,Male
Aaren,01231 Gina Road,62-(142)445-7682,2003-11-28 18:38:49,Female
Milicent,33 Talisman Terrace,63-(188)703-4347,1995-04-24 06:22:43,Female
Lonnie,07 Annamark Court,63-(394)737-5649,1973-06-06 09:40:26,Male
Ruthe,526 Bluejay Point,46-(290)161-0124,1980-08-19 07:30:40,Female
Neall,03 Troy Hill,86-(298)626-1843,1963-10-27 17:40:55,Male
Blondell,23 Evergreen Avenue,32-(483)186-4811,1967-03-22 21:46:49,Female
Aurilia,3016 Scofield Pass,880-(226)149-9783,1990-02-03 06:56:01,Female
Fonsie,7889 Anzinger Parkway,234-(472)642-9233,1989-05-03 00:10:01,Male
Vallie,5081 Old Gate Way,1-(761)917-3120,1954-08-06 13:37:35,Female
Lyon,70358 Crownhardt Pass,63-(725)523-5251,1985-03-23 19:35:47,Male
Gabrielle,00478 Mosinee Park,48-(800)860-2010,1963-07-26 08:27:40,Female
Duffy,39 Vidon Lane,420-(953)533-5930,2008-12-25 17:00:49,Male
Base,15 Sherman Court,372-(726)221-5851,1997-04-05 04:57:02,Male
Marlow,1 Stoughton Park,62-(291)995-6730,1992-05-18 01:49:58,Male
Juieta,449 Gale Park,380-(330)679-2728,1965-06-04 20:07:19,Female
Gussie,839 Shoshone Center,56-(858)145-7614,1956-03-10 10:58:27,Female
Ferdinanda,0 Waxwing Parkway,62-(708)503-3250,1983-11-23 17:58:55,Female
Tome,14 Haas Circle,63-(703)261-7890,1973-11-24 02:41:10,Male
Fonz,2782 Brentwood Center,86-(811)354-4728,1951-09-05 19:53:01,Male
Lief,36 Homewood Point,55-(344)877-9162,1957-12-15 19:11:08,Male
Avictor,194 Eliot Junction,86-(513)208-2270,1964-11-17 14:39:59,Male
Hort,0222 Clyde Gallagher Drive,46-(289)479-7861,2003-04-18 22:50:35,Male
Eldridge,918 Park Meadow Drive,380-(879)849-1263,2007-04-06 08:02:50,Male
Niven,117 Fieldstone Terrace,62-(225)363-3433,1950-06-25 06:55:14,Male
Alyosha,17 Rockefeller Hill,212-(450)536-1898,2008-10-30 21:19:01,Male
Steve,970 Buell Hill,7-(603)277-6023,2002-09-28 14:26:15,Male
Pierce,628 Express Crossing,224-(932)394-1581,1957-07-25 08:56:03,Male
Martyn,01302 Susan Parkway,86-(509)697-5120,1972-02-23 09:53:13,Male
Rancell,7993 Roxbury Road,86-(670)820-2225,1992-02-09 03:51:43,Male
Xenos,724 Comanche Center,599-(302)189-8111,1980-03-30 16:29:57,Male
Tabby,42408 Badeau Lane,1-(616)540-4956,1994-12-28 09:50:10,Male
Nikola,53605 Ridge Oak Drive,7-(824)893-3016,1993-02-23 14:20:12,Male
Pattie,700 Portage Road,62-(690)292-7198,1962-03-08 18:01:58,Female
Shamus,3 Stoughton Drive,46-(800)717-6649,1976-03-09 01:56:21,Male
Gertrud,5 Lukken Avenue,48-(253)615-3270,2009-09-28 10:22:07,Female
Lucio,92 Jackson Junction,86-(424)489-3219,1952-08-12 01:26:00,Male
Morena,8333 Jenna Road,92-(682)192-9726,1970-05-25 07:58:52,Female
Garold,1 Vermont Trail,30-(351)503-8884,1999-01-05 04:56:59,Male
Chester,8039 Rockefeller Circle,51-(188)690-1143,1980-02-14 21:32:26,Male
Harriett,332 Pine View Court,7-(963)728-0446,1960-07-18 04:31:07,Female
Ricoriki,4974 Mayfield Lane,1-(215)261-7890,1973-05-28 06:50:32,Male
Gareth,5 Blackbird Center,33-(321)729-5957,1995-10-01 03:13:44,Male
Beltran,6 Loeprich Hill,7-(153)755-9924,1974-11-26 05:07:41,Male
Perice,94135 Surrey Crossing,598-(817)475-7708,2002-04-04 09:21:33,Male
Porter,1579 Dayton Pass,86-(381)479-5129,1972-12-31 09:25:41,Male
Mechelle,59503 Scoville Lane,7-(533)854-3548,2004-04-06 20:44:47,Female
Rhody,0 Harper Avenue,7-(967)127-6617,1969-01-29 18:22:50,Female
Ive,8 Lillian Way,960-(916)375-6355,1956-04-15 05:32:22,Male
Drew,53 Continental Street,63-(663)713-4953,2010-10-17 09:30:52,Male
Erik,2 Sugar Place,55-(587)964-9165,1982-09-15 19:48:42,Male
Taber,0698 Hazelcrest Hill,62-(393)130-8054,1983-02-17 00:06:00,Male
Spike,602 Lyons Drive,62-(625)190-0856,1968-02-28 10:33:44,Male
Laverna,79305 Coolidge Avenue,7-(547)362-0119,1959-09-20 20:50:51,Female
Urbanus,270 Continental Alley,351-(365)202-1604,1969-11-22 23:54:44,Male
Stevy,4408 Sachtjen Avenue,506-(325)823-3398,1966-04-19 03:27:26,Male
Gates,4 Bellgrove Road,1-(281)289-5756,1974-05-27 01:02:22,Female
Kerstin,8 Kipling Junction,62-(894)171-3837,2002-03-11 00:51:19,Female
Shandeigh,355 Milwaukee Point,380-(833)319-2639,1950-03-20 12:03:37,Female
Anatole,25728 Havey Terrace,502-(909)554-6937,2005-06-28 17:23:41,Male
Ruttger,4412 Pankratz Junction,36-(130)370-2004,1981-04-01 14:34:16,Male
Reidar,36 Mesta Place,1-(316)236-7274,2002-05-25 02:13:00,Male
Rutherford,1049 Ohio Place,351-(213)992-4734,2003-06-03 07:19:04,Male
Felike,7 Sundown Hill,351-(280)936-8997,1972-05-08 15:03:24,Male
Natala,1 Lawn Terrace,7-(912)705-8921,1981-07-28 21:15:18,Female
Giuditta,9 Northview Avenue,62-(808)404-8542,1982-04-21 09:38:15,Female
Kerianne,41605 Jana Avenue,63-(484)663-6579,1967-08-10 14:15:30,Female
Petr,50 Florence Way,591-(816)254-2388,1961-03-19 14:34:15,Male
Steward,9 Atwood Point,86-(864)426-5706,1968-06-27 20:27:25,Male
Izaak,79172 5th Alley,62-(404)969-7064,1980-03-20 12:22:35,Male
Jada,6 Fair Oaks Point,1-(411)735-8658,2007-04-18 21:11:44,Female
Madella,5 Fisk Point,380-(760)761-2683,1950-09-04 02:48:36,Female
Kordula,592 Warbler Lane,92-(242)481-2150,1959-01-01 19:00:20,Female
Coralie,286 Shopko Point,86-(127)152-1342,1972-08-05 21:43:00,Female
Monro,9 Dunning Hill,55-(529)627-6988,1953-07-18 05:30:13,Male
Bernita,9805 Doe Crossing Plaza,81-(852)478-0931,1983-02-19 16:15:15,Female
Jose,97826 Westend Drive,86-(272)114-0142,1976-06-15 16:56:39,Male
Fancy,36348 Lunder Alley,48-(957)264-7807,1962-05-09 04:26:50,Female
Mikael,18 Portage Drive,30-(992)228-9383,1961-08-09 00:58:55,Male
Darb,50 Hoard Road,7-(503)667-3008,1979-04-21 10:58:28,Male
Rockey,31740 Maple Place,86-(646)916-1548,1953-06-04 15:11:39,Male
Jolie,77622 2nd Junction,86-(236)564-0240,1965-05-04 06:29:56,Female
Ursola,682 Stuart Circle,86-(712)285-0870,2001-06-16 06:01:02,Female
Tito,8427 Lawn Crossing,7-(230)275-3664,1997-09-11 21:46:06,Male
Allsun,85 Homewood Circle,54-(540)742-5698,1974-01-28 20:55:54,Female
Steward,0705 Dunning Trail,86-(105)154-7412,1982-11-03 15:39:44,Male
Jaye,6751 Ridgeway Alley,389-(356)571-4686,1977-08-01 08:39:17,Male
Yance,5 Aberg Avenue,86-(128)300-3303,1958-03-11 08:40:16,Male
Frank,12 Eastlawn Junction,46-(192)194-8461,1968-05-16 10:46:09,Male
Hertha,2 Rutledge Junction,976-(430)249-8924,1994-07-03 15:34:31,Female
Meredeth,934 Fuller Street,66-(700)413-6185,1987-02-23 10:18:34,Male
Morgan,62 Killdeer Circle,46-(453)725-6429,1959-12-05 12:32:25,Female
Koenraad,0840 Summer Ridge Place,58-(778)973-6975,2007-12-24 09:37:27,Male
Cicely,5 Sachs Trail,51-(777)932-1151,1998-10-19 08:02:53,Female
Meredeth,735 Brickson Park Circle,226-(246)369-5455,1975-10-28 09:34:56,Male
Lin,71792 Johnson Avenue,86-(242)254-9403,2001-12-04 05:36:47,Male
Kaila,3091 Arrowood Drive,234-(257)608-9218,1967-12-09 05:37:31,Female
Lew,76 Spenser Plaza,63-(472)428-0672,1985-12-28 18:06:33,Male
Daveen,2423 Lukken Avenue,380-(125)462-4231,1968-03-31 21:52:05,Female
Costa,171 Banding Lane,7-(795)168-7243,1971-06-29 10:18:16,Male
Alicia,5 Butterfield Parkway,46-(602)464-5142,1965-05-07 14:10:29,Female
Vitoria,199 Stephen Pass,355-(824)580-2390,2005-07-30 09:39:42,Female
Thorn,957 Alpine Center,98-(131)444-7693,1955-09-17 08:02:43,Male
Lynelle,5 Maryland Alley,235-(481)469-0849,1997-05-05 13:03:18,Female
Aggy,2 La Follette Street,86-(442)649-2238,1957-01-01 00:39:33,Female
Ian,94276 Myrtle Alley,86-(138)943-4579,1987-12-21 21:43:47,Male
Lu,2145 Merrick Circle,7-(501)707-4284,1968-03-05 18:06:20,Female
Carmelia,016 7th Lane,55-(113)529-2822,1968-08-10 06:51:23,Female
Nataniel,22309 Independence Hill,54-(437)527-5627,1989-03-28 09:18:15,Male
Pammi,93 Warrior Trail,7-(494)118-9441,1955-10-18 19:31:06,Female
Fredi,0 Di Loreto Way,46-(752)488-9368,1981-07-25 02:10:09,Female
Carline,61687 Cascade Alley,81-(755)646-5053,2003-11-15 22:04:24,Female
Harwell,0705 Mcguire Alley,591-(631)219-2023,1967-04-10 07:51:43,Male
Julissa,9435 Stuart Park,7-(393)719-1389,1965-05-12 12:49:19,Female
Meghann,4150 Texas Parkway,1-(446)835-2282,2005-10-02 02:09:11,Female
Wileen,533 Mariners Cove Pass,218-(190)670-9547,1979-08-19 22:37:01,Female
Clifford,481 Surrey Junction,57-(512)501-3561,1965-04-22 15:08:50,Male
Bobbie,75 Vera Park,502-(658)503-0688,1990-09-28 02:14:51,Female
Vallie,008 Corben Junction,94-(283)725-7631,1969-05-01 22:33:23,Female
Chaunce,85860 Doe Crossing Crossing,265-(364)942-9759,1984-02-03 00:31:12,Male
Gerardo,78 Hollow Ridge Drive,351-(234)101-4548,1991-07-25 21:36:50,Male
Payton,9 Canary Crossing,1-(859)665-7473,1986-06-26 01:31:35,Male
De witt,07 Schurz Point,57-(982)649-1263,1974-11-20 02:27:43,Male
Ginger,0 Texas Junction,48-(950)959-3378,2006-08-28 22:04:43,Male
Staffard,030 Memorial Road,62-(464)466-6814,1977-02-10 23:12:19,Male
Dallas,6336 Portage Street,86-(982)425-2106,2003-04-02 13:44:13,Male
Arline,332 Bonner Alley,234-(369)366-8138,1953-03-26 10:08:18,Female
Arvy,59 Ronald Regan Alley,687-(604)235-2231,1974-01-23 20:31:02,Male
Hasheem,93 Loomis Lane,506-(887)744-4726,1990-02-04 17:34:18,Male
Giacinta,3 Rigney Pass,7-(283)109-0825,1976-07-05 04:42:40,Female
Mavis,4016 Eastlawn Point,62-(738)389-0045,1972-07-14 06:45:38,Female
Alysia,312 Tony Junction,86-(796)589-6924,1976-02-24 00:24:31,Female
Jemie,7 Corry Drive,420-(579)317-7379,2001-10-18 02:09:15,Female
Annette,41 Milwaukee Junction,58-(423)688-4682,2005-12-28 23:32:39,Female
Myrtia,0 Barnett Street,63-(221)990-2604,2008-09-23 00:55:28,Female
Ollie,91652 Glacier Hill Terrace,33-(707)423-3516,2010-05-14 20:31:35,Female
Marjie,5290 Thierer Center,886-(117)707-0556,1958-12-27 08:32:29,Female
Felipa,521 Delaware Hill,62-(719)692-3966,2004-01-02 09:09:48,Female
Mahmud,8837 Dakota Drive,7-(267)718-0451,1979-08-21 18:15:47,Male
Monti,4 Raven Pass,7-(963)763-4765,1951-09-23 12:16:13,Male
Aline,68 Leroy Crossing,86-(409)462-5385,1954-09-17 03:01:17,Female
Amye,49 Debs Hill,86-(167)950-9158,1959-05-13 07:10:14,Female
Kearney,07276 Maryland Hill,86-(400)643-2753,1995-04-13 15:36:52,Male
Collen,88977 Coleman Point,1-(555)769-5058,1998-03-13 17:20:38,Female
Vincent,19060 Sunbrook Place,86-(759)559-4189,1973-08-17 09:22:37,Male
Briggs,50 Hanover Avenue,691-(376)703-2843,1992-02-23 11:38:41,Male
Levey,928 Mccormick Road,7-(178)731-7626,1974-04-25 16:36:27,Male
Noelyn,50 Forest Dale Center,86-(554)956-4023,1962-04-09 11:28:09,Female
Lazare,0339 Springs Center,33-(975)413-8974,2007-01-03 10:58:05,Male
Rustin,8 Jana Circle,46-(549)411-1970,1996-11-11 14:05:48,Male
Anjela,1 Hansons Trail,972-(776)732-8241,1990-01-22 22:49:30,Female
Albertine,963 Blue Bill Park Hill,261-(964)924-0327,2004-07-01 06:33:28,Female
Charmane,9929 Jenifer Plaza,81-(361)771-7142,1969-05-18 15:54:02,Female
Elicia,7463 Kenwood Drive,54-(238)567-2152,2000-11-09 15:36:15,Female
Byran,7 Esker Street,33-(979)981-6482,1963-12-16 12:37:55,Male
Trevar,22 Parkside Lane,967-(621)718-7066,2009-04-13 21:25:26,Male
Hillyer,91 Lighthouse Bay Alley,7-(736)851-0314,1957-12-14 01:31:59,Male
Stacia,999 Magdeline Court,48-(181)397-4972,1997-02-01 16:48:22,Female
Billy,3663 Anzinger Street,386-(962)604-6176,1979-11-02 15:57:01,Male
Hakim,5 Knutson Park,57-(301)150-7907,1956-09-18 00:19:56,Male
Kevin,1254 Victoria Trail,86-(538)466-2192,2004-12-17 15:06:42,Male
Chad,6 Golden Leaf Court,234-(401)933-3478,1959-10-23 23:38:47,Male
Francesco,20 Truax Parkway,7-(561)669-4902,1958-04-24 13:14:06,Male
Audre,31 Straubel Alley,30-(350)208-1747,1998-04-11 20:46:36,Female
Minny,206 Portage Avenue,86-(936)819-9378,2004-07-05 07:15:37,Female
Courtney,999 Atwood Alley,234-(915)155-8516,1999-05-21 23:50:49,Male
Cazzie,7 Cottonwood Pass,51-(124)369-0559,1993-08-25 21:09:43,Male
Sheila,5 Acker Terrace,62-(715)562-4275,1965-11-15 18:25:00,Female
Hilarius,74886 Havey Lane,27-(995)662-1751,1979-07-18 12:39:36,Male
Lannie,33564 Lunder Way,359-(110)159-1245,1962-02-26 05:23:46,Male
Demetris,09 Merchant Plaza,970-(681)291-6226,1995-01-09 15:51:43,Female
Lesley,8 Forest Alley,1-(481)266-8591,2009-06-27 05:32:07,Female
Isabelita,4006 Novick Drive,502-(622)342-4545,1991-12-22 09:59:26,Female
Katalin,2 Westerfield Lane,234-(162)345-9741,1998-08-10 14:21:49,Female
Cord,71144 Londonderry Street,86-(439)703-2395,1969-08-06 09:53:58,Male
Grange,4 Fairfield Circle,7-(144)310-4170,1951-06-08 19:42:19,Male
Gabi,1179 Brickson Park Pass,53-(783)954-7498,1968-12-25 04:29:04,Female
Findley,2 Birchwood Court,1-(971)137-6098,1989-01-09 19:19:23,Male
Flossy,78 Sommers Circle,62-(644)641-9698,1969-03-17 16:32:27,Female
Lewie,9 Vera Street,591-(419)921-0048,1999-09-22 05:15:09,Male
Corinne,36 Tomscot Terrace,33-(231)131-2318,1969-12-24 17:25:14,Female
Rahal,88 Mandrake Way,420-(564)918-7388,2009-10-10 08:43:57,Female
Roberta,5875 Russell Drive,54-(788)893-6793,1953-06-06 19:07:24,Female
Nessa,6 Forster Parkway,381-(301)393-0357,2008-08-13 12:32:18,Female
Christean,22 Hallows Park,62-(662)282-4100,2007-05-02 13:12:21,Female
Patti,64874 Fuller Crossing,992-(109)940-3553,1970-06-19 10:09:17,Female
Patrick,6 Holmberg Terrace,92-(976)198-7534,2008-03-25 02:01:49,Male
Vinnie,22792 Clove Lane,51-(932)952-8308,1987-07-28 19:34:54,Male
Blinny,0845 Sloan Hill,39-(148)625-9696,1987-01-17 22:05:24,Female
Vasily,2 Summer Ridge Parkway,86-(459)222-8993,1969-06-04 13:56:00,Male
Trumaine,0103 Goodland Park,46-(637)113-7663,2009-11-11 10:56:20,Male
Jessamyn,2 8th Way,62-(790)879-6525,1955-01-22 06:20:19,Female
Bobbe,08 Novick Street,269-(657)661-9836,1975-08-27 20:20:47,Female
Weidar,54972 Utah Crossing,51-(893)755-8754,1957-05-01 08:22:35,Male
Stefan,6 Melody Circle,994-(795)326-7831,1953-06-29 10:58:20,Male
Townie,74583 Di Loreto Parkway,351-(691)102-2393,1985-06-14 17:52:29,Male
Jerrold,9958 Moland Place,351-(863)450-5177,1969-06-25 19:51:36,Male
Carmine,27370 Laurel Way,55-(123)677-0872,1956-05-15 13:36:07,Female
Torrance,340 Roth Circle,1-(570)840-3320,1997-08-02 07:32:27,Male
Megen,2889 Jenifer Drive,33-(249)336-4740,2009-04-02 03:56:22,Female
Letta,1 Ramsey Alley,86-(787)640-6723,1954-01-24 13:54:12,Female
Kamilah,748 Bashford Point,34-(582)790-4917,1964-06-04 22:10:18,Female
Gabbey,96 Monterey Park,33-(675)236-8657,1987-07-22 04:51:50,Female
Archy,7 Duke Park,975-(954)961-5476,1994-01-03 08:12:54,Male
Jeanna,4844 Welch Parkway,351-(142)486-4322,2010-01-05 01:31:30,Female
Arther,59352 Mosinee Hill,55-(499)477-5017,1978-05-12 20:19:18,Male
Lea,94 7th Lane,351-(768)340-0434,1984-07-14 16:53:24,Female
Wilie,34 Melby Point,33-(161)599-0729,1951-09-13 14:06:20,Female
Zach,3 Dovetail Road,86-(964)269-0382,1964-05-27 05:39:44,Male
Koren,61 Lawn Hill,1-(269)232-6752,2007-07-05 01:12:13,Female
Diahann,9 Warbler Place,86-(465)236-4517,1956-09-06 19:58:38,Female
Bruce,6646 Tennyson Drive,81-(418)885-4669,1964-07-08 14:02:50,Male
Gerianna,2 Springview Street,62-(119)891-6568,1967-11-17 23:08:07,Female
Joel,38 Russell Court,505-(984)239-7823,1987-03-26 05:40:57,Male
Cornall,61 Hauk Hill,976-(381)899-9683,1951-06-30 09:57:05,Male
Wylie,4659 Sauthoff Trail,86-(397)936-7591,1994-09-01 05:14:43,Male
Noland,168 Ronald Regan Hill,62-(189)190-1479,1985-08-01 21:27:16,Male
Ailyn,19166 Fisk Drive,63-(157)108-9142,1998-02-13 04:27:25,Female
Warde,0844 Summit Lane,54-(682)622-5989,1974-10-07 14:54:50,Male
Frayda,9 Acker Park,46-(169)595-4997,1972-10-23 18:14:41,Female
Carole,00141 Canary Place,63-(135)451-9553,1954-01-23 15:52:38,Female
Saree,657 Kingsford Crossing,1-(520)624-7034,2000-04-22 17:50:40,Female
Nariko,16678 Pierstorff Crossing,86-(604)778-1896,2003-06-10 16:46:12,Female
Candace,25 Blaine Junction,30-(696)139-8391,1976-09-10 11:24:52,Female
Thoma,102 6th Street,33-(577)395-9343,1987-10-06 13:07:53,Male
Ingamar,0026 Grayhawk Court,502-(523)597-7527,1974-05-06 10:11:59,Male
Norrie,69302 Lindbergh Way,7-(305)937-7502,1951-04-16 09:10:36,Male
Ardys,43506 High Crossing Place,48-(883)533-4300,1970-07-16 11:27:08,Female
Redd,377 Dottie Street,86-(717)712-9204,1983-04-14 02:51:21,Male
Barnie,637 Pine View Avenue,63-(383)579-3638,1998-07-02 09:55:16,Male
Tamarra,23519 Acker Crossing,46-(704)984-0460,1966-07-26 04:46:43,Female
Farand,10549 Sachs Pass,1-(877)423-9380,1999-05-13 19:51:32,Female
Elmo,514 La Follette Terrace,44-(775)129-5999,1994-05-27 12:43:32,Male
Aldis,22 Russell Trail,234-(494)658-3036,1994-10-05 03:37:45,Male
Ward,33 Mcbride Parkway,86-(622)827-6441,1987-07-18 18:50:16,Male
Alford,4707 International Drive,48-(692)485-0634,1994-06-03 12:09:37,Male
Wes,11709 Village Road,62-(118)934-2201,1990-02-17 19:46:10,Male
Margret,98087 Vera Way,52-(261)941-3893,1977-05-21 04:11:55,Female
Bondy,149 Tennyson Lane,977-(477)939-7235,1981-10-10 19:33:25,Male
Halsy,69 Packers Terrace,86-(751)885-3747,1972-04-15 00:31:35,Male
Sasha,441 Lawn Hill,86-(431)409-1591,1951-03-02 12:08:56,Male
Pinchas,094 Rockefeller Drive,86-(562)100-2234,1953-12-08 11:03:05,Male
Rooney,195 Carpenter Drive,33-(454)491-1209,1969-02-12 13:29:05,Male
Penni,57740 Ridge Oak Trail,374-(532)633-9731,1962-04-03 11:52:40,Female
Harman,579 Kim Parkway,237-(611)146-8230,1998-03-26 14:28:14,Male
Lanny,88615 Dixon Court,7-(143)565-9019,1982-07-02 05:12:00,Female
Skippie,0318 Troy Plaza,86-(157)122-5958,1962-12-25 09:10:22,Male
Edythe,67 Granby Crossing,82-(706)275-5502,1974-10-26 18:05:15,Female
Weidar,2 Old Gate Crossing,62-(992)986-0044,1989-06-14 09:30:18,Male
Courtnay,90327 Tennyson Alley,63-(144)729-1324,1991-03-10 16:57:54,Female
Gaye,9 Melrose Place,58-(803)884-4798,1959-11-16 10:28:05,Female
Carola,0 Burrows Street,62-(766)617-5643,1978-11-18 10:27:15,Female
Sidonia,463 Park Meadow Point,55-(968)955-5925,2009-03-19 10:56:26,Female
Ericka,44 Summerview Circle,81-(469)417-2953,1994-12-13 02:24:00,Female
Fedora,89814 Ridge Oak Center,63-(766)356-8761,1972-06-01 02:09:38,Female
Stern,0718 Express Point,62-(161)218-0512,1992-06-15 12:59:58,Male
Hanna,29451 Forster Crossing,93-(931)667-4989,1973-09-19 10:22:52,Female
Breanne,5112 Grayhawk Junction,62-(648)850-5871,2004-04-29 12:13:42,Female
Giuseppe,18505 Ridgeview Road,64-(540)605-8439,1951-08-30 08:21:54,Male
Curry,4704 Grim Street,53-(239)898-9776,2006-06-23 17:29:45,Male
Clifford,2030 Lakeland Avenue,84-(789)906-8795,1971-01-31 14:50:52,Male
Jedediah,5841 Dixon Avenue,691-(169)936-0113,1978-12-06 04:24:15,Male
Kelvin,316 Crowley Drive,375-(414)536-9152,1958-01-08 21:31:06,Male
Ben,05991 Bonner Alley,506-(860)154-2401,1961-06-18 20:14:59,Male
Lindsay,313 Aberg Drive,1-(916)533-8813,1966-04-20 21:25:57,Male
Dareen,0 Toban Street,380-(254)305-7289,1955-07-22 13:15:26,Female
Tiebout,3 Talmadge Center,254-(528)728-5377,1988-01-21 05:03:35,Male
Mercie,0 Manufacturers Terrace,86-(382)278-1597,1962-11-18 11:55:32,Female
Nester,9826 Tennessee Pass,86-(936)377-5190,1980-03-12 03:34:22,Male
Jerri,123 Farragut Court,86-(551)170-2329,1994-02-02 13:21:37,Male
Elvin,22228 Veith Road,1-(148)462-8432,1963-10-21 15:34:22,Male
Niall,48 Colorado Center,86-(228)114-8116,2006-01-23 05:25:52,Male
Phillipe,346 Northfield Way,351-(883)118-0886,1985-11-08 19:36:45,Male
Osbourne,44809 Iowa Parkway,351-(966)496-5801,1962-01-23 16:59:17,Male
Grant,69 West Plaza,60-(566)890-9831,2005-08-20 08:21:38,Male
Addie,94205 Dayton Street,267-(646)985-9615,1963-02-09 20:23:15,Female
Federica,243 Johnson Center,86-(604)274-7878,2000-04-03 15:27:00,Female
Alfie,3358 Susan Park,33-(700)864-9223,1977-11-10 11:07:28,Male
Aubrey,762 Maple Wood Hill,46-(712)140-6461,2006-01-31 16:13:48,Female
Levy,83 Swallow Court,27-(197)276-6310,1976-10-06 05:31:57,Male
Juliet,98953 Dakota Trail,86-(269)536-5835,1984-07-17 03:48:36,Female
Steward,6744 Pond Terrace,81-(339)931-9479,1957-04-21 17:40:08,Male
Johnnie,9323 Talisman Drive,33-(706)203-9640,2005-02-26 19:25:43,Male
Rock,2 South Crossing,86-(180)263-2186,1979-03-24 08:08:16,Male
Louisette,598 West Alley,98-(190)988-9370,1960-10-13 01:39:02,Female
Elianora,971 Coleman Place,961-(182)492-0178,1980-10-24 22:31:02,Female
Reggi,7913 Gateway Terrace,358-(875)270-7544,2001-12-07 19:25:01,Female
Hildegaard,011 Lillian Junction,380-(125)869-9938,1994-06-10 10:40:50,Female
Alta,7 Milwaukee Trail,86-(975)117-6182,1977-12-05 08:15:33,Female
Lammond,3 Maple Court,62-(635)646-1750,1966-07-02 11:14:18,Male
Corina,8 Merry Crossing,880-(601)363-3136,1963-02-24 22:33:22,Female
Winny,77 Bonner Lane,33-(939)658-8067,1957-11-19 11:15:08,Female
Miquela,9 Forster Avenue,62-(954)872-1240,2003-10-14 14:01:01,Female
Klarika,51 Meadow Ridge Alley,505-(709)478-7248,1988-04-25 13:29:18,Female
Jeramey,0883 Holy Cross Point,351-(739)538-1705,1988-03-20 21:15:05,Male
Verile,1 Hagan Hill,220-(960)473-3446,1990-06-23 15:09:48,Female
Manda,4798 Bobwhite Drive,27-(967)494-5657,1973-01-22 19:43:44,Female
Lisetta,52 Almo Road,86-(395)386-9774,2005-07-17 19:32:43,Female
Aurea,4 Ludington Parkway,46-(423)513-7342,2004-08-14 23:29:56,Female
Patsy,6348 Loftsgordon Hill,86-(802)148-9267,2002-10-11 08:51:22,Female
Gannie,017 Drewry Drive,1-(512)684-7062,2009-05-18 06:52:31,Male
Tabb,96560 Spenser Way,994-(345)575-9921,1962-11-02 01:33:28,Male
Finlay,41593 Ilene Avenue,351-(183)450-3944,1968-09-13 01:51:18,Male
Donn,779 Thackeray Trail,7-(694)694-3583,2010-12-14 10:32:11,Male
Alvis,564 Helena Terrace,86-(173)736-6709,1973-09-09 18:13:32,Male
Elroy,6506 Londonderry Lane,62-(686)650-4724,2001-08-11 03:33:05,Male
Corrie,6 Bowman Terrace,62-(297)382-7890,1986-03-25 23:24:21,Male
Tome,5206 Ridgeview Plaza,7-(485)560-8389,1955-06-24 15:12:36,Male
Eric,239 Express Lane,46-(793)618-2018,1967-10-01 02:54:54,Male
Gloria,291 Dapin Trail,63-(372)426-3992,1967-05-10 03:52:31,Female
Jolee,6460 Rigney Avenue,62-(169)134-8949,1994-02-21 18:06:42,Female
Evin,0012 Northland Street,351-(908)137-3076,1961-08-19 04:33:38,Male
Kayle,7370 Autumn Leaf Plaza,229-(930)931-2944,2001-01-23 16:45:55,Female
Bar,0 La Follette Place,46-(386)338-7164,1969-11-02 23:52:20,Male
Kev,59 Dennis Center,62-(921)289-1015,1994-01-29 16:38:54,Male
Warde,78 Northwestern Avenue,62-(997)459-6914,2008-03-29 00:59:45,Male
Risa,700 Hoepker Road,62-(399)233-7371,1953-10-02 07:59:35,Female
Sheela,48783 Dixon Junction,57-(946)287-5301,1952-01-03 07:51:15,Female
Darrin,3 Elka Park,86-(284)485-5264,2001-11-15 17:41:42,Male
Buddie,5348 Lyons Alley,86-(477)980-7025,1976-12-21 12:57:47,Male
Desmond,397 Sachs Parkway,62-(181)405-9895,1963-10-10 14:12:50,Male
Ransom,943 Raven Way,86-(754)119-3945,1981-09-12 01:59:05,Male
Fields,7531 Esker Avenue,248-(700)268-0892,2004-02-09 08:41:56,Male
Ignazio,6492 Mifflin Lane,1-(217)199-4802,1979-06-05 09:27:29,Male
Douglass,25 Mayer Court,351-(779)600-2372,1997-01-03 18:33:34,Male
Leola,715 Bartillon Drive,63-(710)191-2435,1982-06-19 06:36:28,Female
Brina,5 Hollow Ridge Junction,380-(701)346-9168,1971-11-13 05:59:42,Female
Almeria,7160 Goodland Parkway,351-(466)743-6081,1994-11-18 23:53:53,Female
Jacky,10 Bobwhite Trail,57-(857)634-8867,1966-12-12 06:19:48,Female
Ingmar,142 Karstens Pass,46-(703)213-7244,2005-12-31 20:18:24,Male
Mellie,0 Browning Alley,380-(848)890-1127,1995-08-22 19:31:54,Female
Ellerey,982 Crowley Terrace,48-(517)851-3117,1981-02-22 05:47:33,Male
Charlotte,95952 Cherokee Alley,7-(643)285-6747,1965-01-26 12:39:37,Female
Angeline,6 Sage Lane,86-(335)568-8926,1959-09-19 11:36:40,Female
Sherry,06256 Maryland Point,62-(401)138-4337,1987-03-07 22:14:05,Female
Guillermo,51240 Tennyson Junction,86-(423)501-8304,2008-06-05 04:27:25,Male
Fonsie,51 Sherman Point,62-(637)934-5513,2002-01-02 11:43:36,Male
Etienne,5379 Drewry Point,54-(857)794-5009,1965-06-20 13:54:33,Male
Ondrea,0929 Fisk Park,45-(879)928-2836,1967-07-16 20:53:41,Female
Sigfried,933 Harper Alley,54-(235)897-6317,1966-07-13 13:01:39,Male
Joel,5 Loomis Place,33-(459)880-9029,1959-10-23 09:19:22,Male
Anatol,07930 Clove Pass,675-(138)168-4636,1964-03-21 17:50:03,Male
Stephenie,9 Manufacturers Pass,51-(304)566-1862,1985-10-02 05:40:36,Female
Alasdair,0 Del Mar Drive,31-(173)164-4376,1996-09-08 04:07:53,Male
Ivonne,6386 Hazelcrest Street,63-(455)892-5692,1960-01-01 17:31:15,Female
Tymon,3 Jenifer Alley,46-(648)912-2957,2002-01-09 15:58:39,Male
Mitzi,33 Brown Plaza,850-(550)220-2641,1955-04-19 13:47:42,Female
Viviene,30675 Hansons Terrace,62-(696)907-8719,1996-12-09 14:29:57,Female
Obed,77127 Shoshone Way,358-(496)186-8205,1990-03-14 08:47:10,Male
Tanitansy,9 Oneill Point,351-(606)323-3022,1992-08-03 19:57:34,Female
Anabal,0676 Caliangt Hill,86-(714)265-8780,1950-09-12 13:24:19,Female
Biddy,5251 Main Court,967-(529)893-4505,1955-12-09 03:26:08,Female
Misty,944 Lakeland Lane,57-(846)159-3384,1996-05-20 08:53:51,Female
Denys,15819 Clemons Drive,86-(684)789-5820,2005-04-04 03:15:10,Female
Rodrick,86 Derek Street,86-(759)666-9054,1965-07-17 08:45:10,Male
Myrah,853 Fallview Trail,86-(659)931-5947,1979-05-24 23:44:41,Female
Hort,6 Clove Crossing,7-(191)242-3338,1975-03-02 23:51:39,Male
Jena,6 Southridge Court,977-(161)632-7746,1999-04-27 22:42:24,Female
Emmye,4 Melody Road,880-(737)816-3429,1961-02-02 02:44:31,Female
Sonny,369 Anhalt Crossing,251-(111)995-0150,1965-01-04 02:53:53,Male
Nicolea,88 Fremont Avenue,1-(214)345-8475,1990-01-17 12:06:10,Female
Tyson,366 Schlimgen Drive,46-(175)931-3912,1995-10-11 09:28:45,Male
Gwennie,65434 Golden Leaf Court,351-(472)777-9854,1986-05-01 00:47:12,Female
Enoch,9399 Spohn Road,86-(719)363-1520,1984-08-14 15:34:53,Male
Cordi,1170 Londonderry Parkway,84-(987)928-9031,1975-11-17 18:51:01,Female
Darelle,54179 Brown Way,63-(308)214-5990,1980-06-03 00:58:07,Female
Gabie,61323 Dixon Circle,30-(539)946-5945,1999-05-19 08:44:32,Male
Kilian,10468 Arkansas Road,86-(115)139-1012,1964-09-06 21:45:21,Male
Wendell,0330 Monterey Place,420-(785)912-6925,1986-09-09 14:40:54,Male
Frazer,004 Artisan Alley,7-(159)838-3884,1987-10-03 20:28:43,Male
Maurene,493 Bonner Crossing,32-(627)480-3752,1966-06-23 06:58:20,Female
Sonnie,44 Oneill Terrace,976-(115)471-0123,1970-12-12 19:15:36,Female
Elsinore,6930 Bellgrove Point,63-(128)413-4469,2004-10-21 06:54:11,Female
Buffy,13976 Spohn Place,46-(224)433-2528,2003-12-05 03:33:36,Female
Morry,917 Truax Alley,46-(192)847-9432,2003-04-29 04:48:12,Male
Beilul,3782 Stephen Plaza,62-(434)387-1330,1999-09-25 22:55:05,Female
Guendolen,3730 Russell Way,33-(394)401-1003,1982-02-19 19:12:52,Female
Elsbeth,262 Crownhardt Parkway,963-(664)883-2212,1956-10-17 18:50:38,Female
Devon,63 Becker Circle,62-(603)985-0888,2003-10-13 02:03:46,Female
Newton,137 Pond Hill,63-(268)446-6964,1950-11-24 03:16:55,Male
Muriel,97 Hoepker Avenue,54-(308)797-6608,2008-02-08 09:34:48,Female
Barret,38989 Dwight Street,86-(603)713-0428,1989-12-15 22:15:02,Male
Costa,8 Old Shore Circle,86-(698)970-3514,1984-06-27 20:53:15,Male
Kiah,8 Blue Bill Park Lane,359-(240)968-9282,1999-05-11 04:26:09,Female
Norrie,854 Londonderry Place,86-(724)640-4008,1974-02-22 11:46:31,Female
Jacquenette,454 Golden Leaf Junction,351-(461)140-8948,1979-12-16 05:45:47,Female
Lani,247 Northwestern Crossing,7-(873)810-4207,1974-02-10 19:14:20,Female
Ilene,995 Sloan Pass,351-(589)257-3953,1969-09-23 13:00:40,Female
Belia,352 Rockefeller Center,86-(848)422-5977,1963-03-23 00:11:38,Female
Jens,000 Maple Wood Plaza,51-(301)540-3837,1961-11-01 08:29:23,Male
Richmound,2 Dahle Pass,234-(297)670-4749,1969-01-19 09:19:56,Male
Arlana,73 Comanche Court,86-(623)492-1821,1954-04-25 14:33:15,Female
Milo,43485 Vidon Circle,86-(810)309-1718,1965-10-28 17:51:14,Male
Marjorie,49 Walton Street,359-(952)405-3806,2007-09-09 02:44:50,Female
Tripp,689 David Place,420-(845)924-8310,1977-12-23 07:39:13,Male
Gerhardine,073 Bayside Court,385-(562)886-3433,1999-08-13 23:56:17,Female
Sheilah,63 Arapahoe Place,54-(810)809-7175,1969-09-02 16:09:03,Female
Winthrop,1025 Basil Crossing,880-(698)385-4227,1952-06-03 03:42:37,Male
Kristel,9 Hansons Crossing,33-(971)349-0337,1971-10-27 08:46:46,Female
Cynthy,2 Northridge Court,86-(206)992-8293,1990-04-03 04:01:58,Female
Emelita,43 Artisan Crossing,84-(907)244-0789,1978-02-14 16:56:59,Female
Siouxie,899 Carioca Hill,386-(302)594-2941,1967-07-12 04:53:32,Female
Nydia,82 Westerfield Drive,234-(517)573-0719,1989-07-04 12:35:56,Female
Charlotte,090 Nancy Center,55-(904)175-0561,1974-08-07 03:27:22,Female
Jada,367 Dexter Place,351-(225)707-8198,1955-10-27 22:54:13,Female
Katha,51 Florence Alley,55-(739)812-2509,1990-01-19 02:46:05,Female
Randal,86 Fordem Way,86-(908)409-2647,1994-11-10 14:17:57,Male
Stace,5 Arapahoe Street,86-(732)174-0592,2009-01-02 23:18:08,Female
Osbourn,26764 Maryland Parkway,374-(157)831-4999,1953-04-23 17:16:59,Male
Jamill,832 Hintze Lane,7-(908)760-2512,1957-08-08 11:43:46,Male
Binky,88101 Victoria Terrace,7-(628)673-5859,1986-08-05 03:08:05,Male
Renado,5 Lindbergh Junction,967-(610)982-7904,1965-04-29 07:30:03,Male
Pippo,40 Donald Road,880-(868)979-5401,1953-06-05 11:48:04,Male
Janeta,28 Cody Plaza,62-(760)913-1949,1989-05-01 00:54:54,Female
Jsandye,10163 Stephen Way,86-(652)416-5445,1964-09-26 23:10:30,Female
Jermaine,653 Surrey Center,55-(989)611-2751,1956-08-03 04:19:23,Male
Clevey,35385 Garrison Circle,593-(133)216-3634,2002-05-11 17:25:49,Male
Camala,73113 Spaight Hill,86-(886)740-1454,1988-05-12 23:21:35,Female
Prescott,4 Transport Center,86-(656)909-2890,1965-12-29 10:45:38,Male
Rosalinde,74 North Place,86-(755)178-5117,1971-02-04 06:31:19,Female
Anstice,219 Waxwing Street,351-(685)359-3380,1975-02-17 16:42:19,Female
Becca,2205 Upham Lane,86-(104)489-8193,1951-10-11 03:38:08,Female
Darlleen,653 Hanover Terrace,86-(904)283-3219,2004-08-15 01:03:31,Female
Paulina,38 Portage Way,48-(212)160-3607,1998-03-12 19:57:19,Female
Corey,27 Paget Lane,48-(754)189-1081,1962-03-21 10:25:59,Male
Web,17294 Lien Circle,30-(396)662-0817,1967-06-06 19:10:16,Male
Guntar,7 Harper Place,48-(421)661-3106,1957-04-19 00:26:05,Male
Rivkah,2283 Mccormick Alley,370-(890)473-0701,2010-08-31 06:17:24,Female
Thorpe,00 Namekagon Drive,86-(265)796-7415,1970-08-14 20:29:33,Male
Nanette,2519 Hayes Street,86-(361)428-9413,1964-02-08 16:37:47,Female
Pennie,887 Colorado Place,886-(810)904-3568,1983-09-27 21:24:51,Male
Dallon,237 Cherokee Junction,62-(735)484-0232,1986-06-15 06:27:52,Male
Barbara-anne,10451 Stone Corner Street,86-(975)740-8258,1995-07-11 07:15:16,Female
Roselle,17956 Nova Point,359-(322)274-6957,1950-04-23 17:04:00,Female
Kristo,477 Arrowood Trail,258-(829)853-4622,1992-07-09 02:26:58,Male
Mikey,355 Paget Terrace,1-(713)495-1323,1950-09-14 12:09:25,Male
Griffy,6215 Northland Park,33-(526)146-7658,1993-11-29 05:32:49,Male
Perkin,3298 Acker Lane,380-(676)409-5553,1961-11-09 22:20:35,Male
Carol-jean,69137 Division Junction,62-(380)933-1998,1951-12-22 06:32:34,Female
Frieda,2946 Arrowood Trail,420-(354)540-1662,1981-10-30 06:30:34,Female
Andeee,539 Kingsford Plaza,970-(404)207-9844,1969-11-21 07:52:32,Female
Geoffry,74133 1st Point,62-(483)941-1486,1960-03-17 01:41:00,Male
Selig,8478 Magdeline Place,51-(837)152-8044,1957-06-30 11:08:01,Male
Korie,8 East Street,1-(849)761-5123,1986-11-17 19:36:59,Female
Arlene,5 Pennsylvania Junction,351-(237)593-3325,1983-04-13 08:07:14,Female
Ramona,41425 Bluejay Park,86-(403)345-3546,1969-04-27 15:20:35,Female
Carlo,22052 Gateway Parkway,62-(124)123-3937,1974-02-22 13:19:54,Male
Sophia,27 Prentice Place,251-(668)406-5290,2003-04-30 22:13:13,Female
Ricardo,0 Evergreen Court,46-(786)878-4094,1965-07-13 17:39:50,Male
Care,1191 Northport Terrace,62-(775)676-4585,1988-08-13 21:11:57,Male
Kenny,220 Menomonie Plaza,373-(814)306-4704,2006-02-19 10:04:29,Male
Susie,5 Village Crossing,1-(571)172-1183,1981-07-05 12:57:49,Female
Katheryn,240 Truax Point,46-(173)531-0893,1971-11-30 17:37:51,Female
Ted,15136 Nova Junction,976-(883)668-9969,1995-11-03 18:05:11,Female
Norry,570 Annamark Pass,48-(541)124-5658,1957-07-23 15:29:49,Male
Friederike,20338 Melody Avenue,55-(726)135-2732,1998-10-04 03:02:09,Female
Allyson,7 Garrison Way,387-(912)964-2612,1993-09-04 13:11:40,Female
Levy,243 Starling Avenue,7-(776)957-7442,1992-10-25 07:22:23,Male
Wadsworth,973 Hoard Drive,995-(363)722-4033,1978-07-03 03:34:44,Male
Alisa,3764 Nevada Pass,54-(417)867-4027,1966-06-18 22:37:05,Female
Dallas,724 Anthes Plaza,7-(274)198-9601,2001-10-26 02:22:56,Male
Marcelle,593 Buell Road,86-(713)991-0993,1965-05-20 14:54:21,Female
Janel,562 Center Lane,86-(939)823-9194,1963-02-03 19:25:53,Female
Isidro,034 Vahlen Trail,86-(232)234-4534,1966-12-28 17:55:40,Male
Franciskus,32510 Mockingbird Plaza,380-(816)155-4696,2008-03-21 06:51:22,Male
Lita,843 Superior Parkway,62-(292)391-9218,2003-04-21 10:45:00,Female
Waite,0 Iowa Pass,351-(790)386-5606,1996-03-21 14:00:42,Male
Denna,075 Golf Course Park,46-(945)889-9685,1989-11-06 05:39:31,Female
Rebeka,41 Quincy Point,420-(724)692-6022,1987-10-12 03:50:54,Female
Viole,6 Rusk Court,680-(408)220-0347,1957-08-24 02:57:54,Female
Agosto,94 Gerald Street,33-(258)195-8650,1993-04-12 14:19:46,Male
Ketti,35068 Monica Trail,46-(184)687-0825,1961-10-18 23:59:23,Female
Jeromy,64 Tony Point,230-(588)871-3107,1982-01-14 23:46:21,Male
Constantine,91677 Vera Hill,370-(769)145-3517,1960-04-24 17:58:19,Female
Kacey,4 Clyde Gallagher Terrace,84-(746)857-5566,2000-09-20 14:22:27,Female
Horton,19 Parkside Court,63-(568)754-9173,2001-03-29 04:39:39,Male
Murielle,94 Hovde Way,33-(601)632-5245,1963-08-06 19:20:35,Female
Merilee,87085 Blue Bill Park Terrace,86-(189)686-0075,2008-06-03 19:10:18,Female
Tanner,0129 Lukken Trail,86-(453)384-9550,1966-11-19 20:00:06,Male
Garrot,06 Knutson Court,86-(914)149-4307,1982-07-15 04:08:34,Male
Blair,15633 Meadow Ridge Street,86-(854)959-5526,1969-12-23 11:34:46,Male
Aland,782 Fisk Place,86-(559)711-9678,1992-02-21 01:48:42,Male
Hanni,31194 Monterey Park,351-(471)290-5802,1980-05-14 02:58:24,Female
Cordy,8688 Summit Place,84-(501)487-5690,1971-04-27 04:20:07,Male
Cleveland,794 Eagle Crest Way,7-(245)331-0593,1989-04-27 08:03:08,Male
Isabelita,7 Tennessee Parkway,351-(263)432-6838,1955-11-13 12:58:10,Female
Kylila,0540 Scoville Alley,86-(317)108-9705,1997-12-21 21:55:28,Female
Annie,3735 Sheridan Hill,62-(574)209-2119,1981-04-01 23:53:18,Female
Laure,941 Kinsman Alley,33-(562)613-0743,1971-04-30 12:13:57,Female
Wolfgang,903 Fulton Parkway,33-(716)692-7032,1987-11-23 19:32:40,Male
Walden,01093 Merrick Hill,385-(688)584-4358,1965-06-03 18:38:11,Male
Leonidas,99154 Rutledge Lane,62-(161)650-4471,1999-07-02 16:45:54,Male
Falito,11 Algoma Junction,20-(439)902-2596,1975-02-02 07:09:42,Male
Kate,8629 Roxbury Terrace,1-(501)545-4053,2007-05-11 12:56:34,Female
Aggi,0938 Anniversary Hill,62-(183)968-2404,1950-03-23 03:46:44,Female
Randall,4 Barby Trail,86-(620)421-3975,1983-06-07 15:32:21,Male
Iormina,83474 Gulseth Pass,81-(849)701-0983,1952-07-14 05:20:13,Female
Noby,57 Cardinal Pass,386-(717)269-7781,1959-12-25 10:43:29,Male
Mandy,0314 Merrick Alley,251-(217)437-0947,2004-01-06 02:53:13,Female
Laurent,2 Lukken Plaza,62-(245)325-6818,1962-01-11 14:10:41,Male
Donnell,0119 Burning Wood Plaza,86-(368)387-9991,1951-12-09 06:01:16,Male
Crystie,5 Trailsway Way,32-(717)136-9899,1992-10-11 04:33:48,Female
Marjorie,080 Hauk Terrace,86-(399)704-6994,1990-12-18 03:40:43,Female
Arlan,36 5th Hill,7-(922)908-1118,1980-10-23 20:43:37,Male
Deena,67 Havey Circle,48-(538)844-5934,1971-02-13 00:03:38,Female
Alice,3862 Laurel Place,54-(154)154-7047,1984-07-31 01:53:58,Female
Clara,608 Golf View Center,66-(274)503-9557,1963-05-03 00:23:22,Female
Konstanze,9 Cascade Hill,81-(361)652-9338,1987-04-05 23:07:00,Female
Edee,27903 Bunting Junction,48-(801)642-6723,1961-07-26 21:15:09,Female
Wrennie,07443 Village Road,976-(587)367-0414,1979-03-29 22:28:41,Female
Corene,443 Nobel Pass,63-(931)514-1987,1971-12-20 09:47:26,Female
Alena,71473 Alpine Crossing,389-(769)536-4153,1956-11-24 08:45:40,Female
Cassaundra,9 Walton Park,55-(899)414-6454,1991-11-20 11:50:17,Female
Henryetta,8916 Chinook Way,86-(816)898-4564,1981-01-10 03:12:39,Female
Normand,03862 Carpenter Crossing,33-(250)383-8185,1976-04-20 08:53:17,Male
Edsel,689 Huxley Crossing,86-(774)502-9924,1963-03-04 11:58:31,Male
Uriel,7376 Meadow Valley Crossing,62-(705)515-2253,1964-02-22 11:39:13,Male
Briny,61793 Larry Terrace,380-(615)427-0430,1951-03-03 14:00:13,Female
Sherline,268 Grim Road,962-(164)262-1991,1990-10-26 11:41:20,Female
Doy,85 Buhler Alley,63-(977)913-9275,1978-01-06 03:15:10,Male
Bess,496 Meadow Ridge Court,86-(413)739-4716,1985-06-03 17:23:40,Female
Carissa,6 Glacier Hill Alley,86-(248)835-3107,1971-10-07 14:08:12,Female
Joshua,7744 Oneill Court,1-(202)953-4275,1953-08-28 03:11:42,Male
Diena,6375 Calypso Court,63-(737)308-1099,2008-12-31 08:35:25,Female
Alejoa,9 High Crossing Hill,63-(953)610-4557,1972-02-17 18:05:56,Male
Salomo,199 Shasta Point,358-(385)505-9238,2001-10-12 15:02:45,Male
Ted,01 Fallview Plaza,63-(431)689-5517,1958-12-01 17:51:58,Male
Anya,0 Katie Point,62-(373)711-8722,1951-03-30 19:20:54,Female
Fairlie,33862 Nelson Place,33-(208)640-7814,2003-07-29 06:00:47,Male
Lani,7069 Dottie Point,856-(404)158-3517,2009-12-18 06:38:41,Female
Lucretia,625 Meadow Vale Lane,691-(175)249-6720,2003-12-02 19:51:55,Female
Van,21000 Blue Bill Park Park,81-(442)143-5122,2010-11-22 17:23:55,Female
Isa,73 Goodland Center,7-(662)636-6400,1981-02-08 15:56:20,Male
Felike,92 Anderson Crossing,380-(371)683-2148,1979-01-20 00:44:23,Male
Dean,207 Cody Junction,55-(145)794-2457,1958-09-13 18:33:10,Male
Morie,7 Dahle Hill,66-(911)854-9090,2009-09-25 18:48:16,Male
Aurelia,36159 Annamark Place,63-(929)770-4783,1977-12-21 19:26:40,Female
Grove,8 Sundown Junction,380-(491)964-3419,1954-11-18 15:21:39,Male
Milli,4 Truax Avenue,30-(285)573-6965,1964-01-16 08:52:13,Female
Stillman,7268 Amoth Way,86-(691)724-6193,1960-03-20 20:04:56,Male
Benoit,2017 Gale Way,51-(688)144-7789,1990-07-25 10:06:06,Male
Rianon,52 Sage Plaza,48-(844)261-2264,2008-02-11 01:52:09,Female
Welbie,30 Cardinal Avenue,33-(395)760-5571,1997-08-31 11:56:20,Male
Shaun,2166 Dayton Pass,46-(877)559-7264,1975-04-21 08:40:25,Female
Mireille,39858 Jay Point,216-(121)282-6541,1974-11-21 10:54:27,Female
Paddy,00022 Anthes Drive,81-(852)619-2796,2001-05-05 11:01:50,Male
Eddy,106 Division Alley,62-(833)540-3842,1977-11-02 17:31:22,Male
Alla,970 Fieldstone Pass,51-(708)763-5079,1992-01-08 08:58:21,Female
Garold,696 Bayside Terrace,86-(108)972-3903,1952-10-25 10:57:15,Male
Maude,2171 Old Shore Drive,62-(653)694-5750,2005-02-22 08:23:45,Female
Bobette,86476 7th Pass,7-(470)196-8857,1992-01-09 22:52:20,Female
Katharyn,6 Mcguire Terrace,33-(608)747-7287,1972-09-26 04:36:08,Female
Putnam,448 Knutson Park,66-(341)124-1705,1965-03-07 00:39:50,Male
Sari,108 Eastwood Drive,86-(197)359-3680,1985-08-21 18:04:53,Female
Milo,4706 Buell Park,63-(821)479-2775,1987-12-21 17:18:50,Male
Torre,53177 Talisman Court,7-(314)238-0566,1969-05-07 11:32:58,Male
Gladi,34 Sunnyside Place,504-(221)969-9274,1979-05-08 09:32:46,Female
Binky,41211 Tennyson Circle,54-(923)345-1528,1951-08-06 22:49:04,Male
Ermina,21 Pine View Way,86-(406)113-6764,1964-06-04 15:23:27,Female
Therine,88 Chive Avenue,86-(974)429-4159,1966-09-25 05:57:44,Female
Rosy,7 Continental Point,225-(954)350-1338,1963-01-27 14:31:00,Female
Ginnifer,55804 Warner Alley,598-(370)679-3817,1951-04-10 08:32:17,Female
Betsey,6690 Sachs Place,234-(492)483-4656,1978-11-12 01:17:51,Female
Theo,9118 Bartillon Junction,380-(785)510-1992,1997-08-24 07:44:43,Male
Onfre,49 Karstens Avenue,62-(945)264-6759,1968-05-18 13:55:10,Male
Renaud,09674 Dayton Place,33-(898)736-9109,1982-04-11 16:20:30,Male
Jeremy,24354 Graceland Pass,62-(646)599-5231,1987-02-15 17:06:09,Male
Duff,38496 Meadow Ridge Road,86-(984)363-9088,1990-07-01 23:07:16,Male
Sheffield,8271 Almo Plaza,261-(640)760-4149,1953-12-09 08:22:23,Male
Leo,3 Division Crossing,66-(252)831-3566,1961-09-16 23:20:29,Male
Gael,6 Butternut Center,212-(903)976-2816,2001-03-08 06:09:19,Female
Mattheus,74872 Mariners Cove Circle,46-(436)879-2007,1993-05-24 00:19:30,Male
Martguerita,0213 Ridgeview Way,58-(684)353-5221,1982-05-08 02:13:50,Female
Carter,164 Corry Point,359-(727)445-9962,1975-11-28 18:48:04,Male
Henrik,28 Butterfield Avenue,44-(326)915-1708,1961-01-07 01:53:08,Male
Isak,6 Bultman Circle,86-(280)694-5630,1967-04-14 22:42:04,Male
Hillie,16 Heffernan Drive,86-(972)639-9344,1971-09-13 02:05:37,Male
Murdock,9137 Melody Avenue,86-(656)427-5506,1994-11-07 04:20:39,Male
Gavin,5612 Merry Point,1-(941)321-6786,1978-10-31 06:42:44,Male
Lucretia,48 Graceland Place,1-(614)823-5849,2000-05-09 23:25:39,Female
Mathian,53322 Moland Alley,62-(778)581-1420,1976-05-19 03:11:54,Male
Bailie,22 Straubel Park,47-(677)211-7014,1979-12-21 11:17:09,Male
Valeda,6904 Lakewood Gardens Pass,48-(557)148-7859,1997-09-23 13:56:49,Female
Diannne,163 Corscot Road,95-(774)384-3439,1959-09-16 16:55:04,Female
Isa,135 Beilfuss Alley,57-(774)780-0699,1978-05-21 17:31:55,Male
Marysa,610 Monterey Way,47-(353)422-0441,1977-02-26 06:05:57,Female
Rochelle,8 Fuller Crossing,54-(917)406-6341,1971-01-19 20:32:30,Female
Sissie,251 Armistice Trail,1-(955)715-1986,1976-02-27 13:59:21,Female
Brittaney,3 Swallow Court,55-(631)456-0339,1954-12-13 18:31:10,Female
Rhodia,3 Red Cloud Avenue,86-(323)240-9184,1992-01-27 20:37:20,Female
Renie,2 Forster Plaza,33-(437)518-5742,1959-12-13 10:56:59,Female
Heath,9757 Alpine Street,374-(391)544-2275,1987-05-10 08:43:58,Female
Talya,69 Surrey Hill,66-(392)571-1049,1956-04-14 01:36:18,Female
Brit,49000 Graedel Crossing,86-(996)243-5383,1975-09-18 06:08:35,Female
Shirl,5496 Summit Hill,93-(717)748-5988,1985-01-27 09:13:43,Female
Margie,58 Manufacturers Park,48-(916)248-2543,1979-01-14 18:27:12,Female
Bondy,17 Cherokee Terrace,48-(544)495-7155,1983-06-27 22:23:21,Male
Abigael,444 Ruskin Trail,84-(501)188-5747,1997-07-24 01:43:40,Female
Averill,1 Havey Avenue,48-(660)320-4441,1967-10-28 03:00:33,Male
Martelle,78 John Wall Trail,355-(476)369-0065,1954-09-09 17:30:16,Female
Kurtis,0 Hermina Way,86-(322)882-8450,1960-09-23 17:33:38,Male
Noby,55658 Melby Place,62-(283)987-6959,1993-05-22 21:53:25,Male
Shaine,3056 Caliangt Center,62-(497)331-1368,1960-05-22 20:18:18,Female
Claudina,885 Mallory Trail,81-(139)257-3637,1985-02-20 08:06:43,Female
Dorena,8 Prentice Park,33-(575)835-0219,1996-04-29 07:20:19,Female
Calida,6661 Dryden Street,33-(295)633-6906,1978-12-07 04:26:48,Female
Elwyn,40 Dawn Circle,86-(987)231-6571,1969-06-14 18:50:22,Male
Cathyleen,62349 Vera Court,351-(642)300-5994,1976-06-18 07:31:14,Female
Lane,3 Merry Road,62-(594)839-9291,1964-09-14 12:25:57,Female
Johannes,3 Londonderry Park,92-(592)539-2616,1979-08-08 02:49:19,Male
Darbie,86652 Myrtle Park,963-(478)213-6083,2004-10-30 03:03:09,Female
Benedikta,484 Calypso Plaza,54-(599)811-4321,1961-12-08 07:52:38,Female
Ody,9 Thackeray Road,46-(964)755-1087,1978-10-14 23:05:19,Male
Carleen,977 Cherokee Trail,351-(211)198-4842,2008-11-16 05:04:39,Female
Mignonne,230 Sutteridge Court,63-(590)152-6217,1967-08-11 03:58:26,Female
Thurston,293 Corben Avenue,62-(581)400-0312,1969-05-15 21:27:26,Male
Deb,74628 Stuart Trail,48-(119)909-1278,1979-09-21 08:05:23,Female
Kristopher,24 Parkside Circle,62-(394)629-1423,1963-10-18 02:44:08,Male
Ryan,2776 Norway Maple Lane,63-(819)600-1921,1993-09-26 09:21:03,Male
Nady,6184 Boyd Trail,387-(835)216-8158,2009-12-10 13:42:30,Female
Othello,48 Artisan Way,86-(315)286-0940,2005-08-16 01:12:18,Male
Orazio,01 Moose Hill,62-(326)298-9047,1953-04-30 07:03:21,Male
Willyt,32 Bobwhite Street,84-(822)328-2148,2009-04-18 22:43:31,Female
Shayna,0085 Laurel Center,86-(137)795-5979,1957-02-04 18:36:55,Female
Frances,540 Nobel Street,261-(807)247-3966,1985-06-11 11:52:26,Female
Berty,197 Holy Cross Drive,351-(899)852-2694,1989-08-01 02:02:01,Male
Quincy,6942 Roxbury Place,212-(210)265-5008,2008-12-10 22:10:53,Male
Thayne,33415 Village Way,93-(233)134-7908,1953-01-19 20:45:18,Male
Robinet,0 Iowa Park,81-(134)125-0739,1989-04-22 17:34:22,Male
Jeannine,605 Maywood Junction,86-(295)365-4864,1966-06-07 08:50:05,Female
Katha,3 Roxbury Parkway,420-(377)278-1195,1967-11-17 15:12:00,Female
Cletus,447 Haas Avenue,7-(419)244-1331,1986-05-12 20:57:47,Male
Hunfredo,6 Service Point,501-(487)567-8021,1994-01-28 18:17:31,Male
Tessa,9056 Loftsgordon Parkway,44-(562)967-0910,1996-08-11 18:48:37,Female
Dru,576 Grover Center,62-(732)418-2019,1952-11-25 06:56:43,Male
Leah,6 Hoepker Street,62-(455)382-2193,1969-10-25 17:55:50,Female
Merrick,97 Haas Terrace,62-(397)116-1532,1961-12-21 06:31:40,Male
Boyce,989 Bunker Hill Court,233-(285)442-4900,1972-02-17 04:28:31,Male
Larina,765 Burrows Parkway,27-(841)275-5103,1959-04-28 23:45:43,Female
Julienne,86 Reinke Alley,86-(458)693-6173,2005-08-16 20:10:57,Female
Hagen,82 Bartillon Junction,58-(197)366-4408,1989-09-14 18:20:42,Male
Asa,18240 Luster Way,62-(781)767-9101,1968-06-28 18:11:39,Male
Frannie,16 Union Crossing,7-(961)468-8373,1969-02-04 21:42:28,Female
Garald,2299 Little Fleur Trail,234-(124)422-0244,1961-10-20 16:38:23,Male
Emmeline,705 Loftsgordon Parkway,48-(666)367-1952,1964-10-09 09:46:39,Female
Mikkel,371 Susan Center,355-(736)651-3145,1986-11-14 13:32:25,Male
Catharina,179 Rockefeller Point,82-(287)744-4925,1959-01-11 14:33:47,Female
Noam,3 Shoshone Way,81-(362)407-9881,1967-03-25 12:00:34,Male
Hollyanne,450 Moland Avenue,86-(622)487-9664,1961-01-13 21:05:10,Female
Cinderella,9 Bowman Trail,86-(110)619-9113,1994-07-12 01:44:27,Female
Leona,8 Tennyson Circle,51-(859)672-5614,1966-12-28 13:26:32,Female
Nicki,79 Erie Street,62-(916)706-1514,1962-08-05 06:47:41,Female
Tiphany,3035 Merrick Parkway,7-(954)336-8073,1953-12-27 22:02:08,Female
Caesar,5 Shopko Point,351-(753)448-8340,1954-12-29 07:31:25,Male
Aluin,9 Anhalt Drive,994-(378)643-9891,1966-07-09 23:14:57,Male
Reece,41191 Sunbrook Place,63-(251)850-4463,2000-07-05 16:44:04,Male
Rafferty,824 Autumn Leaf Point,62-(449)410-1561,1950-12-28 21:02:36,Male
Innis,67 Gulseth Street,81-(634)314-0201,1986-11-27 07:15:57,Male
Ilysa,41811 Bunker Hill Street,355-(610)732-4414,1956-03-24 02:22:36,Female
Camila,23 Huxley Circle,86-(301)105-5317,1968-01-08 20:16:47,Female
Joelle,33704 Hanson Alley,1-(202)962-6410,1986-03-26 06:47:22,Female
Emmye,153 Corben Pass,57-(137)800-5083,1964-07-11 09:52:53,Female
Connor,1580 Carpenter Junction,57-(661)309-5544,2010-01-01 15:58:45,Male
Hermon,36818 Huxley Circle,86-(228)590-0246,1986-06-22 15:08:57,Male
Enrika,98 Monterey Lane,1-(699)205-1952,1965-10-06 10:17:23,Female
Pennie,03 Redwing Street,51-(910)686-3028,1979-05-01 16:14:42,Female
Jerrome,84576 Di Loreto Avenue,675-(442)580-7494,2007-01-21 21:45:57,Male
Trudy,22 Northview Circle,48-(382)195-1177,1961-06-15 13:22:00,Female
Farlee,39122 Kennedy Parkway,63-(843)556-5228,1975-04-07 04:24:03,Male
Wolfy,8 Crowley Junction,58-(147)352-8919,1965-09-15 12:49:33,Male
Silvain,61 Graceland Center,7-(959)489-2772,1950-03-29 05:32:41,Male
Pattin,55 Nova Center,63-(828)493-5033,2003-07-04 14:22:23,Male
Michale,82 Hansons Point,86-(565)869-9719,1994-01-29 01:47:56,Male
Kin,3 Gulseth Drive,33-(676)218-9632,1954-07-25 03:02:10,Male
Jules,571 Sundown Avenue,86-(777)590-7951,1980-09-16 16:22:38,Male
Cooper,5 Haas Parkway,216-(212)327-9406,1953-04-14 23:19:25,Male
Judah,500 Grim Lane,51-(734)880-5868,2009-12-11 16:23:34,Male
Darrin,19 Lawn Avenue,351-(887)792-4966,1969-09-01 20:05:44,Male
Karry,7 Bellgrove Trail,63-(485)441-6965,1980-12-27 19:42:07,Female
Lemar,0142 Schmedeman Lane,240-(658)350-4349,1966-08-27 01:44:17,Male
Vasili,5 West Place,1-(993)714-3914,1999-08-01 11:39:16,Male
Jude,64 Colorado Drive,358-(391)288-0534,1985-03-03 15:39:30,Male
Lou,1 Fallview Street,52-(535)289-2480,1973-09-29 07:38:22,Male
Shane,469 Oneill Avenue,420-(995)885-8882,1984-03-05 11:25:13,Male
Claudianus,72 Arizona Junction,62-(542)257-6731,1968-09-28 09:48:22,Male
Nickola,0940 Prairieview Point,86-(949)658-3235,1989-03-20 15:03:53,Male
Bev,643 Riverside Terrace,33-(287)629-3341,1953-03-24 13:03:08,Female
Dollie,4 Pawling Lane,48-(614)151-2916,1955-02-22 12:15:55,Female
Johnath,79 Spenser Street,7-(183)981-9144,1994-08-19 16:05:10,Female
Dorita,64 Mcbride Park,51-(340)286-8177,1993-03-11 00:59:53,Female
Cazzie,05 Twin Pines Hill,420-(249)355-0077,1963-11-04 15:10:14,Male
Wolfy,531 Kipling Drive,86-(839)881-1586,1989-03-16 16:42:30,Male
Der,5 Dahle Street,62-(273)627-7423,2005-03-22 05:11:31,Male
Joletta,43978 Birchwood Avenue,33-(964)774-3537,1979-02-09 20:54:50,Female
Berti,04821 Declaration Alley,58-(497)854-0195,1997-10-21 01:18:18,Female
Florette,64554 Prentice Court,86-(385)655-0264,1972-05-21 22:36:56,Female
Andrea,5 Grayhawk Street,84-(112)564-3978,1969-11-25 02:08:24,Male
Fredric,5628 Green Ridge Trail,62-(332)972-0370,1965-12-18 22:40:54,Male
Zenia,56539 Logan Trail,62-(609)861-6923,1969-02-05 17:22:45,Female
Tamarah,510 Quincy Lane,54-(480)238-4728,1993-08-18 01:02:05,Female
Kerrie,27722 Doe Crossing Circle,66-(420)916-8947,1969-02-05 06:43:58,Female
Ethan,935 Helena Trail,1-(310)928-0971,1989-01-27 21:08:50,Male
Daisi,78 Troy Junction,504-(342)601-6612,1977-07-14 01:05:02,Female
Garvy,91 Claremont Drive,507-(925)157-9062,1973-06-10 16:46:46,Male
Demott,0478 Aberg Parkway,234-(710)514-5850,2004-05-19 18:23:58,Male
Trumaine,27 Waubesa Circle,86-(981)967-8347,1987-07-09 19:52:01,Male
Dahlia,5705 Oneill Place,353-(383)169-2371,1972-11-12 19:29:51,Female
Demetrius,2333 Park Meadow Way,1-(513)501-4730,1978-02-03 18:54:12,Male
Sergio,9 Cody Terrace,86-(362)480-5507,1965-06-10 19:59:37,Male
Alick,8223 Delladonna Parkway,7-(564)906-3114,1954-06-12 18:13:41,Male
Nanon,85 Kennedy Trail,86-(841)565-4807,2004-07-12 21:52:14,Female
Aldwin,1838 Bartillon Street,55-(453)941-6146,1986-05-13 22:40:55,Male
Minnaminnie,01214 Village Green Parkway,1-(718)362-8280,1962-09-18 15:14:47,Female
Niccolo,923 Independence Parkway,81-(859)583-2128,2000-03-05 22:37:13,Male
Johnette,41012 Algoma Lane,86-(718)521-5818,2000-10-21 08:08:22,Female
Dalt,6718 Harper Point,234-(507)637-2073,1950-08-24 01:43:51,Male
Salome,5 Weeping Birch Drive,86-(359)743-0083,1986-01-14 13:59:34,Female
Annemarie,459 Trailsway Pass,351-(349)528-4793,1970-08-21 09:20:26,Female
Erastus,37141 Kensington Pass,374-(528)808-8949,1967-08-02 21:14:01,Male
Michale,80593 Paget Parkway,234-(560)482-2032,1984-07-22 17:03:54,Male
Gregorio,32 Crest Line Circle,380-(124)527-6661,1967-03-30 15:05:28,Male
Paquito,6 Sunbrook Park,63-(389)432-3807,1970-04-04 09:32:41,Male
Diego,71293 Michigan Point,7-(504)664-8030,2002-01-09 18:56:32,Male
Sarine,0 Nobel Lane,47-(647)596-8834,1989-01-16 04:40:34,Female
Aldus,2 Randy Junction,51-(488)926-0360,1955-01-25 14:40:35,Male
Ezekiel,5085 Gale Avenue,63-(779)748-0640,2005-01-20 02:46:41,Male
Steven,211 Golf Course Parkway,86-(473)610-6518,2001-10-21 19:10:50,Male
Teddie,7348 Sutherland Trail,357-(764)936-6002,1953-11-06 00:50:58,Male
Natka,61519 Graceland Circle,55-(799)311-5177,1955-10-10 13:51:17,Female
Rosana,68 Arizona Center,7-(515)511-7339,1981-01-28 17:10:36,Female
Salvidor,9085 Hoard Crossing,86-(169)929-4664,1999-03-04 09:39:04,Male
Rose,6229 Shelley Terrace,86-(845)634-1401,1956-06-22 15:09:35,Female
Dix,33255 Bunker Hill Road,63-(865)976-1437,1978-11-21 07:27:18,Female
Gloriana,58989 Thierer Terrace,264-(503)119-8452,1986-07-06 23:36:52,Female
Katine,3035 Clove Pass,234-(350)232-9779,1980-04-10 04:53:50,Female
Pat,94376 Rowland Park,48-(469)348-1051,1960-08-17 11:42:47,Male
Vasilis,899 Little Fleur Trail,84-(754)432-1067,2008-10-04 18:00:28,Male
Lura,9 Thompson Plaza,965-(610)950-0841,1986-01-28 05:35:38,Female
Marwin,4 Morrow Point,1-(606)771-7690,1984-05-16 12:49:40,Male
Malissia,53 Rowland Road,62-(703)236-6932,1973-08-15 19:15:36,Female
Monti,7 Vidon Trail,62-(798)685-3146,1984-04-02 11:37:31,Male
Ephrem,6635 Oxford Junction,63-(712)684-9528,1963-01-05 02:30:11,Male
Karena,61783 Westend Circle,994-(624)166-0905,1984-12-15 01:02:23,Female
Lou,25131 Bashford Drive,31-(791)187-1642,1995-07-23 19:29:18,Male
Bradney,57 Lakeland Drive,351-(325)103-1612,2001-02-21 11:42:28,Male
Galvan,63108 Anderson Drive,86-(143)203-7685,1952-10-02 02:06:30,Male
Damian,445 Evergreen Way,62-(497)427-6938,2009-08-25 06:55:37,Male
Rockie,071 Holmberg Pass,48-(193)441-2866,2001-11-02 03:57:59,Male
Lorna,96241 Claremont Crossing,995-(669)305-7974,1999-04-03 22:40:12,Female
Gil,42251 Lunder Avenue,86-(551)355-8648,1954-12-11 04:02:44,Male
Nolan,65 Iowa Alley,86-(334)375-9810,1973-11-29 08:50:05,Male
Dianne,39 Mccormick Circle,63-(449)489-7752,1993-02-22 02:06:24,Female
Hynda,7 Fallview Lane,351-(573)301-0633,1998-10-19 19:14:49,Female
Murielle,973 Longview Center,62-(978)378-8518,1975-11-03 09:43:29,Female
Beverlee,577 Toban Road,86-(463)693-2221,1985-03-12 08:07:33,Female
Dag,996 Fordem Point,234-(632)441-4712,1992-03-04 08:12:28,Male
Aron,83827 Bellgrove Crossing,359-(852)183-0587,1976-12-07 16:37:03,Male
Nissy,1197 Mitchell Avenue,7-(384)652-8103,1995-08-02 08:12:46,Female
Meara,703 Holy Cross Point,62-(277)945-4560,1964-12-07 06:42:45,Female
Flint,4511 Crowley Court,62-(955)410-2752,1990-08-05 03:23:02,Male
Winfield,91753 Judy Court,86-(201)827-7200,1957-05-26 03:14:59,Male
Leonelle,7277 Dorton Pass,880-(369)483-4443,2008-07-27 06:50:21,Female
Boyd,66 Park Meadow Alley,973-(847)532-1818,1989-10-25 00:38:46,Male
Boris,62013 Hagan Street,52-(536)351-1429,2001-12-01 20:57:02,Male
Corty,9 Express Pass,61-(651)195-7651,2001-11-12 17:22:46,Male
Shane,47357 Sunnyside Alley,55-(191)113-9956,1984-03-14 03:45:50,Female
Tabina,38843 Hauk Junction,66-(531)753-9140,1998-11-20 00:16:42,Female
Darcy,1 Shoshone Pass,994-(579)957-8653,2001-01-10 07:31:29,Male
Torre,750 Hazelcrest Circle,7-(472)109-5048,1993-11-18 04:47:17,Male
Clarette,80 Helena Avenue,353-(341)463-6024,1973-03-18 19:41:27,Female
Carlita,5 Thierer Plaza,373-(868)317-3026,1989-10-25 03:34:12,Female
Chrystel,62 Oxford Circle,48-(929)383-6131,1952-03-12 11:59:19,Female
Eliot,1408 Welch Trail,507-(570)668-2626,2006-04-29 22:08:58,Male
Lily,19026 Laurel Trail,86-(850)103-0631,2007-07-26 11:32:24,Female
Elna,269 Oxford Drive,27-(751)480-9391,1979-05-08 05:44:11,Female
Dory,41 Towne Way,86-(324)456-1585,1991-06-03 01:16:25,Male
Brenda,49 South Way,218-(447)232-9770,1957-02-27 05:10:45,Female
Charla,06 Spaight Place,389-(120)269-7644,1989-02-12 01:18:52,Female
Lemmie,8 Dakota Street,351-(301)214-4960,1984-07-21 18:34:25,Male
Ciro,25 Alpine Street,7-(225)359-1425,1981-12-30 13:23:23,Male
Marena,302 Kinsman Plaza,420-(437)778-0564,1999-07-04 19:45:39,Female
Daloris,8 Anthes Avenue,54-(496)819-2747,1996-11-27 07:38:23,Female
Kristi,68 Portage Junction,33-(549)464-3298,1988-07-03 22:33:51,Female
Essie,1915 Linden Center,1-(405)378-9170,2003-10-16 12:43:09,Female
Artemis,75401 Meadow Ridge Park,355-(210)267-3632,1975-03-28 20:29:37,Male
Jolynn,83269 Eastwood Parkway,62-(347)210-2486,1990-05-25 11:53:56,Female
Roberto,8213 Oneill Drive,234-(628)716-9494,1983-05-17 12:47:21,Male
Joye,41825 Green Ridge Trail,55-(505)253-5744,1996-12-18 23:25:29,Female
Buckie,2 Corben Street,261-(149)115-6788,1956-08-07 23:15:37,Male
Tabbitha,6931 Mcbride Pass,98-(948)245-4258,1965-10-12 03:47:54,Female
Rubi,54690 Alpine Park,86-(219)225-2839,1964-11-10 06:21:53,Female
Chrissy,525 Onsgard Place,7-(196)326-9201,1993-11-15 05:06:44,Male
Tull,65 Hollow Ridge Junction,1-(269)689-3012,1988-04-12 09:16:38,Male
Rutger,29852 Spohn Lane,55-(108)540-0794,1950-11-27 08:59:51,Male
Victoria,74 Arkansas Hill,998-(722)755-9963,1955-01-19 16:04:56,Female
Mendy,83 Sundown Trail,7-(291)943-6359,1987-02-02 16:53:18,Male
Page,87711 Badeau Crossing,62-(155)221-8313,1994-11-03 04:02:55,Female
Annmaria,39309 Shopko Way,86-(249)167-0753,1952-01-17 18:14:44,Female
Barty,85 Vahlen Park,62-(989)483-3601,1974-09-03 11:03:57,Male
Richmond,00 Rusk Parkway,51-(216)578-7255,1987-04-18 12:22:19,Male
Bucky,64 Arkansas Pass,46-(688)245-1866,1962-04-02 15:25:56,Male
Caralie,8 Oak Valley Parkway,46-(199)718-4571,1976-02-11 15:47:59,Female
Sabina,89069 Starling Lane,58-(346)891-2058,1974-09-10 11:47:29,Female
Glennie,509 Bowman Place,86-(924)975-3325,1968-09-27 11:31:06,Female
Hortense,58413 Buena Vista Parkway,256-(690)722-6259,1953-05-12 10:29:57,Female
Constantin,9 Kings Park,380-(945)939-2247,1967-12-10 13:58:24,Male
Amandy,89 Dexter Avenue,354-(294)433-9567,1982-03-04 23:53:48,Female
Fredric,35 Sutherland Street,58-(789)787-7139,2005-09-16 12:28:49,Male
Rowney,182 Mariners Cove Way,48-(975)588-7077,1977-12-18 15:14:05,Male
Teddy,32815 Knutson Drive,46-(555)807-9165,2000-04-10 21:19:01,Male
Stevie,23 Burrows Crossing,63-(140)513-9386,1977-08-01 02:02:40,Male
Cris,225 Macpherson Alley,81-(556)982-2528,2000-02-25 11:24:50,Female
Floyd,4762 Sachs Point,62-(149)362-7862,1994-12-31 08:00:35,Male
Kenna,72458 Kipling Road,216-(754)212-2906,1971-11-08 21:45:38,Female
Elliott,321 Gerald Plaza,57-(598)631-4788,1971-05-21 13:20:45,Male
Kean,9 Ohio Place,86-(784)646-7655,1969-01-14 16:33:52,Male
Karlen,7791 Dexter Terrace,33-(726)319-8130,1950-01-06 15:08:26,Female
Rickard,46 Hallows Way,63-(692)992-8615,1980-09-16 19:15:56,Male
Merrie,4840 Homewood Alley,386-(261)685-9975,1955-01-03 06:05:54,Female
Terry,3241 Walton Street,63-(941)192-8524,1982-05-06 20:01:37,Female
Janek,749 Delaware Way,62-(211)298-2060,1970-06-11 02:38:35,Male
Kittie,6416 Quincy Junction,86-(427)410-5680,1964-01-02 12:14:11,Female
Jecho,43 Sullivan Avenue,351-(141)648-2548,2006-05-26 17:24:41,Male
Jaymie,42481 Arkansas Alley,62-(601)341-1515,1960-05-15 01:10:20,Male
Tannie,97118 Corscot Park,30-(766)643-5597,2008-11-13 15:40:11,Male
Aurthur,77 Linden Court,250-(736)499-5328,1982-01-11 09:51:35,Male
Johnathon,42 Paget Center,591-(476)437-5604,1981-05-26 18:35:56,Male
Morie,9079 Comanche Plaza,380-(304)412-7746,1952-05-22 02:28:29,Male
Clem,18 Forest Dale Terrace,57-(122)667-8405,1975-11-25 18:51:57,Male
Lynne,0757 Anderson Road,212-(949)199-8473,1954-02-22 01:40:28,Female
Kerrin,29 Sloan Crossing,505-(427)715-1015,2005-02-06 08:29:00,Female
Roberta,870 Anhalt Parkway,856-(246)586-1920,1968-12-01 04:45:04,Female
Costanza,34 Doe Crossing Terrace,353-(175)896-3229,1971-05-31 17:21:10,Female
Westleigh,27 Acker Hill,593-(270)745-5223,2010-03-11 17:58:22,Male
Cchaddie,85 Orin Center,52-(259)610-2653,1970-09-18 10:47:43,Male
Rory,05 Muir Circle,46-(921)417-1580,1986-10-29 09:49:37,Female
Guglielma,3614 Harper Parkway,55-(510)465-8876,2007-06-21 20:52:51,Female
Roobbie,1 West Terrace,30-(807)287-3563,1976-12-13 12:14:40,Female
Natividad,91361 Debra Center,86-(985)794-7420,1958-09-14 13:53:01,Female
Sinclare,79 Fairfield Junction,507-(750)578-6231,1998-07-10 01:20:33,Male
Nikaniki,9665 Ilene Street,351-(177)981-2463,1978-04-22 20:11:36,Female
Estevan,2 American Hill,58-(539)797-5194,1998-03-05 16:16:20,Male
Branden,04480 Iowa Road,504-(647)468-1637,1977-06-02 00:24:34,Male
Quinton,73 Portage Avenue,86-(415)823-9413,1959-04-16 20:55:06,Male
Udell,80 La Follette Parkway,46-(943)657-5790,1986-03-30 17:31:30,Male
Meara,30429 David Point,86-(306)840-2908,1992-10-22 05:29:40,Female
Andrey,081 Hanson Point,66-(531)954-2092,1978-05-03 23:09:04,Male
Joye,27 Namekagon Parkway,51-(336)459-0223,1950-06-08 06:08:21,Female
Niki,8220 Pepper Wood Pass,86-(700)736-4191,1996-04-15 09:34:23,Male
Hamil,818 Jana Terrace,380-(418)730-9450,2007-03-26 21:34:30,Male
Broddie,86386 Nova Center,86-(897)884-4540,1958-11-22 21:12:19,Male
Conant,54355 Fulton Park,7-(145)971-6226,1995-12-02 01:47:35,Male
Saudra,39497 Cody Place,351-(573)615-3981,1962-05-18 17:16:17,Female
Chase,0 Chinook Circle,46-(575)310-9130,1985-04-12 12:28:17,Male
Scarlet,22561 Spohn Plaza,962-(988)423-8928,2002-02-11 01:17:08,Female
Krystal,3093 Esch Place,54-(113)789-1441,2002-02-10 11:26:03,Female
Bill,0 Tomscot Way,420-(442)841-7333,1997-12-30 06:04:51,Male
Thurstan,2 Derek Point,380-(663)845-9342,1999-05-22 13:04:45,Male
Web,25060 Esch Circle,86-(298)434-4096,2010-06-11 23:13:25,Male
Barny,5 West Circle,57-(876)201-0670,1981-12-02 19:16:35,Male
Rivalee,7284 Schurz Trail,86-(456)220-2865,1969-07-05 14:07:58,Female
Tiffy,4 Fulton Center,7-(569)572-5479,1977-12-09 15:45:30,Female
Jamima,59 Dayton Court,7-(275)473-8467,1954-06-07 14:56:53,Female
Raynard,0 Crest Line Center,54-(656)414-2540,1969-01-15 10:38:20,Male
Wilona,153 Hermina Center,505-(930)509-5812,1990-06-08 07:07:47,Female
Redford,8434 4th Trail,33-(325)268-2435,1969-12-14 07:47:00,Male
Hermon,960 Lunder Circle,63-(958)824-8330,1964-03-09 11:45:48,Male
Anni,982 Clarendon Parkway,66-(446)665-2058,1955-07-06 19:00:01,Female
Modestia,58 Mallory Circle,86-(529)340-7557,1956-10-03 05:40:07,Female
Fifine,68042 Eastwood Street,86-(869)336-0923,1996-01-02 00:49:30,Female
Maia,7404 Lakewood Gardens Place,62-(332)698-2985,1998-03-01 07:48:33,Female
Delmore,2 Scoville Drive,62-(226)230-8196,1986-09-04 13:04:47,Male
Diarmid,52174 Oak Valley Way,92-(100)128-8767,2005-05-08 18:33:54,Male
Odetta,0566 Shasta Center,86-(203)618-8915,1974-11-14 18:05:22,Female
Micheil,3 Huxley Crossing,502-(458)258-5131,1959-12-03 11:25:46,Male
Sinclare,9 Old Shore Drive,48-(954)236-0139,1970-06-03 16:02:14,Male
Vinita,3 Westerfield Drive,1-(498)524-7395,1966-09-08 21:42:53,Female
Sidnee,7763 Everett Court,62-(594)811-0062,2001-04-10 23:34:49,Male
Giorgi,7270 Loomis Junction,81-(469)706-9298,1980-05-07 11:24:51,Male
Bartlet,0 Merchant Park,86-(296)122-5330,1990-07-28 02:59:25,Male
Gaynor,20 Sutteridge Park,81-(649)713-9179,1963-11-19 15:44:53,Female
Damaris,9136 Derek Pass,81-(732)829-5060,1962-05-04 00:55:58,Female
Amitie,03 Coolidge Junction,62-(913)354-2970,1952-04-25 04:25:42,Female
Elora,7249 Annamark Alley,63-(352)554-2136,1962-10-19 20:31:35,Female
Pancho,2246 Arkansas Park,63-(460)311-2416,1974-01-23 05:44:12,Male
Page,6526 Valley Edge Crossing,380-(803)146-3102,1999-09-24 10:11:58,Male
Merell,6 Northland Plaza,47-(784)226-0680,1970-12-22 05:59:31,Male
Roanna,403 Dottie Place,86-(905)471-9210,2002-02-20 20:27:57,Female
Tanitansy,1269 Redwing Crossing,86-(913)369-9213,2000-05-11 01:45:01,Female
Englebert,6141 Corscot Plaza,389-(526)720-2440,2001-10-19 10:42:24,Male
Eduino,71 Redwing Alley,509-(634)878-7619,1996-09-26 13:01:30,Male
Valera,9590 Daystar Parkway,92-(780)326-6786,1969-01-22 07:21:22,Female
Saunders,0 Hoffman Terrace,93-(725)198-3719,2007-03-31 20:11:50,Male
Randy,830 Heffernan Road,62-(871)563-5621,1986-02-11 08:27:05,Male
Roddie,4 Fairview Place,86-(553)966-6166,1988-01-24 03:34:00,Male
Archibold,90 Jenna Crossing,86-(702)632-7461,1968-09-09 06:43:21,Male
Brander,743 Golden Leaf Circle,675-(819)726-0667,1972-03-23 10:32:59,Male
Babette,082 Florence Center,82-(526)548-2040,1994-01-02 09:27:57,Female
Ange,41194 Del Mar Avenue,98-(878)869-9548,1957-05-25 12:29:59,Male
Dur,2 Melrose Circle,60-(809)419-1858,1993-11-19 03:34:07,Male
Huntington,69 Schlimgen Center,420-(114)959-1339,2004-02-09 21:38:50,Male
Alexia,4 Karstens Junction,86-(687)900-1394,1982-05-13 13:35:06,Female
Jonathan,6 Johnson Crossing,51-(432)814-0233,1976-05-29 12:09:11,Male
Antonetta,89 Crownhardt Junction,62-(301)995-6681,1981-03-28 22:22:46,Female
Bryanty,539 Dottie Crossing,48-(881)697-9150,1971-01-17 05:45:46,Male
Leupold,6 Forest Run Junction,33-(563)722-1377,1988-06-08 17:39:32,Male
Frederick,78 Kipling Plaza,62-(998)204-7721,1992-05-20 16:02:56,Male
Maure,04 Del Mar Hill,86-(946)978-5269,2009-01-14 21:19:06,Female
Ingram,1123 Southridge Circle,1-(347)735-8554,1978-07-30 19:07:43,Male
Idell,927 Sullivan Circle,86-(902)640-1709,1961-11-20 23:09:57,Female
Albrecht,3091 Carioca Road,86-(863)911-6146,1969-05-07 15:23:28,Male
Justis,175 Laurel Place,7-(737)829-9661,2007-10-12 14:12:38,Male
